id,name,brand,city,state,latitude,longitude
AP001,Sai Fuel Station,Indian Oil,Visakhapatnam,Andhra Pradesh,17.6868,83.2185
AP002,RK Petrol Pump,HP,Visakhapatnam,Andhra Pradesh,17.688,83.221
AP003,VSP Fuel Hub,Bharat Petroleum,Visakhapatnam,Andhra Pradesh,17.6895,83.215
AP004,Galaxy Fuel,Reliance,Visakhapatnam,Andhra Pradesh,17.6872,83.217
AP005,Star Petrol,Indian Oil,Visakhapatnam,Andhra Pradesh,17.685,83.2205
AP006,Krishna Petrol,HP,Vijayawada,Andhra Pradesh,16.5062,80.648
AP007,Andhra Fuel,Indian Oil,Vijayawada,Andhra Pradesh,16.5075,80.6495
AP008,Green Pump,Bharat Petroleum,Vijayawada,Andhra Pradesh,16.505,80.647
AP009,Mega Fuel,Reliance,Vijayawada,Andhra Pradesh,16.5085,80.65
AP010,Sunshine Petrol,Indian Oil,Vijayawada,Andhra Pradesh,16.5068,80.6485
AP011,Guntur Fuel Hub,HP,Guntur,Andhra Pradesh,16.3067,80.4365
AP012,Lakshmi Petrol,Indian Oil,Guntur,Andhra Pradesh,16.308,80.437
AP013,Royal Fuel,Bharat Petroleum,Guntur,Andhra Pradesh,16.3075,80.435
AP014,Star Fuel Station,Reliance,Guntur,Andhra Pradesh,16.309,80.438
AP015,Crystal Pump,Indian Oil,Guntur,Andhra Pradesh,16.306,80.436
AP016,Kakinada Fuel,HP,Kakinada,Andhra Pradesh,16.9891,82.2475
AP017,East Petrol Pump,Indian Oil,Kakinada,Andhra Pradesh,16.988,82.245
AP018,Ocean Fuel,Bharat Petroleum,Kakinada,Andhra Pradesh,16.99,82.248
AP019,Royal Pump,Reliance,Kakinada,Andhra Pradesh,16.9875,82.246
AP020,Galaxy Fuel,Indian Oil,Kakinada,Andhra Pradesh,16.9895,82.247
AP021,Rajahmundry Fuel,HP,Rajahmundry,Andhra Pradesh,17.0058,81.7776
AP022,Godavari Petrol,Indian Oil,Rajahmundry,Andhra Pradesh,17.0065,81.776
AP023,Crystal Pump,Bharat Petroleum,Rajahmundry,Andhra Pradesh,17.004,81.7785
AP024,Star Fuel,Reliance,Rajahmundry,Andhra Pradesh,17.005,81.779
AP025,Royal Fuel Hub,Indian Oil,Rajahmundry,Andhra Pradesh,17.006,81.777
AP026,Nellore Fuel,HP,Nellore,Andhra Pradesh,14.4426,79.9865
AP027,Sai Petrol,Indian Oil,Nellore,Andhra Pradesh,14.443,79.987
AP028,Sunshine Fuel,Bharat Petroleum,Nellore,Andhra Pradesh,14.444,79.988
AP029,Galaxy Petrol,Reliance,Nellore,Andhra Pradesh,14.442,79.985
AP030,Royal Pump,Indian Oil,Nellore,Andhra Pradesh,14.441,79.9845
AP031,Tirupati Fuel,HP,Tirupati,Andhra Pradesh,13.6288,79.4192
AP032,Sri Venkateswara Petrol,Indian Oil,Tirupati,Andhra Pradesh,13.6295,79.42
AP033,Star Fuel,Bharat Petroleum,Tirupati,Andhra Pradesh,13.628,79.4185
AP034,Crystal Fuel,Reliance,Tirupati,Andhra Pradesh,13.6275,79.4195
AP035,Royal Pump,Indian Oil,Tirupati,Andhra Pradesh,13.629,79.418
AP036,Anantapur Fuel,HP,Anantapur,Andhra Pradesh,14.6815,77.6
AP037,Sai Fuel Station,Indian Oil,Anantapur,Andhra Pradesh,14.682,77.601
AP038,Mega Fuel,Bharat Petroleum,Anantapur,Andhra Pradesh,14.68,77.6025
AP039,Galaxy Petrol,Reliance,Anantapur,Andhra Pradesh,14.681,77.599
AP040,Star Fuel Hub,Indian Oil,Anantapur,Andhra Pradesh,14.6825,77.6005
AP041,Kurnool Fuel,HP,Kurnool,Andhra Pradesh,15.8281,78.0373
AP042,Sai Petrol Pump,Indian Oil,Kurnool,Andhra Pradesh,15.829,78.036
AP043,Galaxy Fuel,Bharat Petroleum,Kurnool,Andhra Pradesh,15.827,78.0385
AP044,Star Pump,Reliance,Kurnool,Andhra Pradesh,15.8285,78.037
AP045,Royal Fuel,Indian Oil,Kurnool,Andhra Pradesh,15.8295,78.0365
AP046,Kadapa Fuel,HP,Kadapa,Andhra Pradesh,14.4676,78.8242
AP047,Sai Fuel Hub,Indian Oil,Kadapa,Andhra Pradesh,14.468,78.8235
AP048,Crystal Petrol,Bharat Petroleum,Kadapa,Andhra Pradesh,14.467,78.825
AP049,Galaxy Fuel,Reliance,Kadapa,Andhra Pradesh,14.4685,78.824
AP050,Star Pump,Indian Oil,Kadapa,Andhra Pradesh,14.4675,78.823
AP051,Ongole Fuel,HP,Ongole,Andhra Pradesh,15.5057,80.0499
AP052,Star Fuel,Indian Oil,Ongole,Andhra Pradesh,15.5065,80.0505
AP053,Galaxy Pump,Bharat Petroleum,Ongole,Andhra Pradesh,15.505,80.0485
AP054,Crystal Fuel,Reliance,Ongole,Andhra Pradesh,15.506,80.049
AP055,Royal Pump,Indian Oil,Ongole,Andhra Pradesh,15.5055,80.05
AP056,Eluru Fuel,HP,Eluru,Andhra Pradesh,16.7107,81.0952
AP057,Sai Fuel,Indian Oil,Eluru,Andhra Pradesh,16.711,81.096
AP058,Crystal Pump,Bharat Petroleum,Eluru,Andhra Pradesh,16.71,81.094
AP059,Star Fuel,Reliance,Eluru,Andhra Pradesh,16.7105,81.0955
AP060,Royal Fuel Hub,Indian Oil,Eluru,Andhra Pradesh,16.7115,81.0965
AP061,Chittoor Fuel,HP,Chittoor,Andhra Pradesh,13.2172,79.1
AP062,Sai Petrol Pump,Indian Oil,Chittoor,Andhra Pradesh,13.218,79.101
AP063,Galaxy Fuel,Bharat Petroleum,Chittoor,Andhra Pradesh,13.2165,79.0995
AP064,Star Pump,Reliance,Chittoor,Andhra Pradesh,13.2175,79.1005
AP065,Royal Fuel,Indian Oil,Chittoor,Andhra Pradesh,13.2185,79.1015
AP066,Vizianagaram Fuel,HP,Vizianagaram,Andhra Pradesh,18.1137,83.3955
AP067,Sai Fuel,Indian Oil,Vizianagaram,Andhra Pradesh,18.1145,83.396
AP068,Crystal Pump,Bharat Petroleum,Vizianagaram,Andhra Pradesh,18.113,83.394
AP069,Galaxy Fuel,Reliance,Vizianagaram,Andhra Pradesh,18.1135,83.395
AP070,Star Pump,Indian Oil,Vizianagaram,Andhra Pradesh,18.114,83.3965
AP071,Srikakulam Fuel,HP,Srikakulam,Andhra Pradesh,18.2964,83.8941
AP072,Sai Fuel Station,Indian Oil,Srikakulam,Andhra Pradesh,18.297,83.895
AP073,Galaxy Pump,Bharat Petroleum,Srikakulam,Andhra Pradesh,18.295,83.893
AP074,Crystal Fuel,Reliance,Srikakulam,Andhra Pradesh,18.296,83.8945
AP075,Star Fuel,Indian Oil,Srikakulam,Andhra Pradesh,18.2965,83.894
AP076,East Godavari Fuel,HP,Rajamahendravaram,Andhra Pradesh,17.0,81.777
AP077,Sai Fuel,Indian Oil,Rajamahendravaram,Andhra Pradesh,17.001,81.778
AP078,Crystal Pump,Bharat Petroleum,Rajamahendravaram,Andhra Pradesh,17.002,81.776
AP079,Galaxy Fuel,Reliance,Rajamahendravaram,Andhra Pradesh,17.0005,81.7775
AP080,Star Pump,Indian Oil,Rajamahendravaram,Andhra Pradesh,17.0015,81.7785
AP081,West Godavari Fuel,HP,Eluru,Andhra Pradesh,16.7107,81.0952
AP082,Sai Fuel,Indian Oil,Eluru,Andhra Pradesh,16.711,81.096
AP083,Crystal Pump,Bharat Petroleum,Eluru,Andhra Pradesh,16.71,81.094
AP084,Galaxy Fuel,Reliance,Eluru,Andhra Pradesh,16.7105,81.0955
AP085,Star Pump,Indian Oil,Eluru,Andhra Pradesh,16.7115,81.0965
AP086,Prakasam Fuel,HP,Ongole,Andhra Pradesh,15.5057,80.0499
AP087,Sai Fuel,Indian Oil,Ongole,Andhra Pradesh,15.5065,80.0505
AP088,Crystal Pump,Bharat Petroleum,Ongole,Andhra Pradesh,15.505,80.0485
AP089,Galaxy Fuel,Reliance,Ongole,Andhra Pradesh,15.506,80.049
AP090,Star Pump,Indian Oil,Ongole,Andhra Pradesh,15.5055,80.05
AP091,Nellore Fuel,HP,Nellore,Andhra Pradesh,14.4426,79.9865
AP092,Sai Petrol,Indian Oil,Nellore,Andhra Pradesh,14.443,79.987
AP093,Sunshine Fuel,Bharat Petroleum,Nellore,Andhra Pradesh,14.444,79.988
AP094,Galaxy Petrol,Reliance,Nellore,Andhra Pradesh,14.442,79.985
AP095,Royal Pump,Indian Oil,Nellore,Andhra Pradesh,14.441,79.9845
AP096,Chittoor Fuel,HP,Chittoor,Andhra Pradesh,13.2172,79.1
AP097,Sai Petrol Pump,Indian Oil,Chittoor,Andhra Pradesh,13.218,79.101
AP098,Galaxy Fuel,Bharat Petroleum,Chittoor,Andhra Pradesh,13.2165,79.0995
AP099,Star Pump,Reliance,Chittoor,Andhra Pradesh,13.2175,79.1005
AP100,Royal Fuel,Indian Oil,Chittoor,Andhra Pradesh,13.2185,79.1015
AP101,Vizianagaram Fuel,HP,Vizianagaram,Andhra Pradesh,18.1137,83.3955
AP102,Sai Fuel,Indian Oil,Vizianagaram,Andhra Pradesh,18.1145,83.396
AP103,Crystal Pump,Bharat Petroleum,Vizianagaram,Andhra Pradesh,18.113,83.394
AP104,Galaxy Fuel,Reliance,Vizianagaram,Andhra Pradesh,18.1135,83.395
AP105,Star Pump,Indian Oil,Vizianagaram,Andhra Pradesh,18.114,83.3965
AP106,Srikakulam Fuel,HP,Srikakulam,Andhra Pradesh,18.2964,83.8941
AP107,Sai Fuel Station,Indian Oil,Srikakulam,Andhra Pradesh,19.3392,83.8843
AP108,Galaxy Fuel,Bharat Petroleum,Srikakulam,Andhra Pradesh,18.2955,83.8935
AP109,Crystal Fuel,Reliance,Srikakulam,Andhra Pradesh,18.2968,83.894
AP110,Star Pump,Indian Oil,Srikakulam,Andhra Pradesh,18.296,83.895
AP111,East Godavari Fuel,HP,Rajamahendravaram,Andhra Pradesh,17.0,81.777
AP112,Sai Fuel,Indian Oil,Rajamahendravaram,Andhra Pradesh,17.001,81.778
AP113,Crystal Pump,Bharat Petroleum,Rajamahendravaram,Andhra Pradesh,17.002,81.776
AP114,Galaxy Fuel,Reliance,Rajamahendravaram,Andhra Pradesh,17.0005,81.7775
AP115,Star Pump,Indian Oil,Rajamahendravaram,Andhra Pradesh,17.0015,81.7785
AP116,West Godavari Fuel,HP,Eluru,Andhra Pradesh,16.7107,81.0952
AP117,Sai Fuel,Indian Oil,Eluru,Andhra Pradesh,16.711,81.096
AP118,Crystal Pump,Bharat Petroleum,Eluru,Andhra Pradesh,16.71,81.094
AP119,Galaxy Fuel,Reliance,Eluru,Andhra Pradesh,16.7105,81.0955
AP120,Star Pump,Indian Oil,Eluru,Andhra Pradesh,16.7115,81.0965
AP121,Prakasam Fuel,HP,Ongole,Andhra Pradesh,15.5057,80.0499
AP122,Sai Fuel,Indian Oil,Ongole,Andhra Pradesh,15.5065,80.0505
AP123,Crystal Pump,Bharat Petroleum,Ongole,Andhra Pradesh,15.505,80.0485
AP124,Galaxy Fuel,Reliance,Ongole,Andhra Pradesh,15.506,80.049
AP125,Star Pump,Indian Oil,Ongole,Andhra Pradesh,15.5055,80.05
AP126,Nellore Fuel,HP,Nellore,Andhra Pradesh,14.4426,79.9865
AP127,Sai Petrol,Indian Oil,Nellore,Andhra Pradesh,14.443,79.987
AP128,Sunshine Fuel,Bharat Petroleum,Nellore,Andhra Pradesh,14.444,79.988
AP129,Galaxy Petrol,Reliance,Nellore,Andhra Pradesh,14.442,79.985
AP130,Royal Pump,Indian Oil,Nellore,Andhra Pradesh,14.441,79.9845
AP131,Itanagar Fuel Center,IOCL,Itanagar,Arunachal Pradesh,27.1046,93.6927
AP132,Capital City Petrol Pump,BPCL,Itanagar,Arunachal Pradesh,27.105,93.696
AP133,Himalayan Service Station,HPCL,Itanagar,Arunachal Pradesh,27.1082,93.6944
AP134,Arunachal Fuel Point,Reliance,Itanagar,Arunachal Pradesh,27.103,93.69
AP135,Green Valley Pump,Essar,Itanagar,Arunachal Pradesh,27.1062,93.6932
AP136,Naharlagun Auto Fuels,IOCL,Naharlagun,Arunachal Pradesh,27.1031,93.7175
AP137,Highway Fuel Stop,HPCL,Naharlagun,Arunachal Pradesh,27.1012,93.7203
AP138,Sunrise Petrol Point,BPCL,Naharlagun,Arunachal Pradesh,27.1044,93.7151
AP139,Naharlagun Energy Hub,Reliance,Naharlagun,Arunachal Pradesh,27.1067,93.716
AP140,Valley Side Pump,Essar,Naharlagun,Arunachal Pradesh,27.1029,93.7191
AP141,Pasighat Fuel Depot,IOCL,Pasighat,Arunachal Pradesh,28.0667,95.3333
AP142,Siang Valley Pump,HPCL,Pasighat,Arunachal Pradesh,28.0641,95.3305
AP143,Pasighat City Fuels,BPCL,Pasighat,Arunachal Pradesh,28.0689,95.3357
AP144,East Arunachal Pump,Essar,Pasighat,Arunachal Pradesh,28.0702,95.331
AP145,Sunrise Highway Station,Reliance,Pasighat,Arunachal Pradesh,28.065,95.3321
AS146,Guwahati IOC Central,IndianOil,Guwahati,Assam,26.1762,91.7428
AS147,Paltan Bazaar BP,Bharat Petroleum,Guwahati,Assam,26.172,91.749
AS148,Chandmari HP,Hindustan Petroleum,Guwahati,Assam,26.1835,91.7465
AS149,Beltola Reliance,Reliance,Guwahati,Assam,26.1695,91.7395
AS150,Khanapara NRL,NRL,Guwahati,Assam,26.1745,91.7515
AS151,Ulubari IOC,IndianOil,Guwahati,Assam,26.1735,91.745
AS152,Zoo Road BP,Bharat Petroleum,Guwahati,Assam,26.1785,91.741
AS153,Guwahati Univ HP,Hindustan Petroleum,Guwahati,Assam,26.18,91.75
AS154,Sixmile Reliance,Reliance,Guwahati,Assam,26.1705,91.743
AS155,Guwahati West NRL,NRL,Guwahati,Assam,26.1755,91.7485
AS156,Silchar Main IOC,IndianOil,Silchar,Assam,24.8362,92.7769
AS157,Silchar Bazaar BP,Bharat Petroleum,Silchar,Assam,24.8295,92.7835
AS158,Kumbhirgram HP,Hindustan Petroleum,Silchar,Assam,24.8405,92.7795
AS159,Bypass Reliance,Reliance,Silchar,Assam,24.8307,92.7755
AS160,Silchar Roadside NRL,NRL,Silchar,Assam,24.834,92.783
AS161,Tarapur IOC,IndianOil,Silchar,Assam,24.833,92.7785
AS162,Sonai BP,Bharat Petroleum,Silchar,Assam,24.8285,92.7815
AS163,Silchar North HP,Hindustan Petroleum,Silchar,Assam,24.839,92.7825
AS164,Silchar Market Reliance,Reliance,Silchar,Assam,24.8315,92.777
AS165,Silchar South NRL,NRL,Silchar,Assam,24.8355,92.78
AS166,Dibrugarh IOC Town,IndianOil,Dibrugarh,Assam,27.4778,94.9079
AS167,Rangagarh BP,Bharat Petroleum,Dibrugarh,Assam,27.4665,94.9185
AS168,Dibrugarh Station HP,Hindustan Petroleum,Dibrugarh,Assam,27.4745,94.9145
AS169,GNB Road Reliance,Reliance,Dibrugarh,Assam,27.469,94.909
AS170,Lahowal NRL,NRL,Dibrugarh,Assam,27.48,94.9135
AS171,Graham Bazar IOC,IndianOil,Dibrugarh,Assam,27.472,94.911
AS172,Chowkidingee BP,Bharat Petroleum,Dibrugarh,Assam,27.468,94.917
AS173,Dibrugarh East HP,Hindustan Petroleum,Dibrugarh,Assam,27.4795,94.9105
AS174,Dibrugarh Reliance,Reliance,Dibrugarh,Assam,27.4715,94.9085
AS175,Dibrugarh North NRL,NRL,Dibrugarh,Assam,27.476,94.912
AS176,Jorhat College IOC,IndianOil,Jorhat,Assam,26.7618,94.2118
AS177,A.T. Road BP,Bharat Petroleum,Jorhat,Assam,26.7525,94.207
AS178,Jorhat Bypass HP,Hindustan Petroleum,Jorhat,Assam,26.763,94.2055
AS179,Lahdoigarh Reliance,Reliance,Jorhat,Assam,26.755,94.215
AS180,Khumtai NRL,NRL,Jorhat,Assam,26.759,94.2085
AS181,Jorhat IOC West,IndianOil,Jorhat,Assam,26.76,94.2105
AS182,Jorhat BP East,Bharat Petroleum,Jorhat,Assam,26.7585,94.212
AS183,Jorhat South HP,Hindustan Petroleum,Jorhat,Assam,26.762,94.209
AS184,Jorhat Reliance Market,Reliance,Jorhat,Assam,26.754,94.2135
AS185,Jorhat NRL Central,NRL,Jorhat,Assam,26.7615,94.2075
AS186,Tinsukia IOC Main,IndianOil,Tinsukia,Assam,27.503,95.368
AS187,Tinsukia Station BP,Bharat Petroleum,Tinsukia,Assam,27.4955,95.376
AS188,Tinsukia Bypass HP,Hindustan Petroleum,Tinsukia,Assam,27.507,95.371
AS189,Margherita Reliance,Reliance,Tinsukia,Assam,27.498,95.366
AS190,Doomdooma NRL,NRL,Tinsukia,Assam,27.5012,95.3735
AS191,Tinsukia IOC North,IndianOil,Tinsukia,Assam,27.4995,95.37
AS192,Tinsukia BP West,Bharat Petroleum,Tinsukia,Assam,27.502,95.374
AS193,Tinsukia HP Central,Hindustan Petroleum,Tinsukia,Assam,27.504,95.369
AS194,Tinsukia Reliance Town,Reliance,Tinsukia,Assam,27.5005,95.3675
AS195,Tinsukia NRL East,NRL,Tinsukia,Assam,27.5035,95.3725
AS196,Tezpur NH27 IOC,IndianOil,Tezpur,Assam,26.6552,92.7858
AS197,Tezpur Chowk BP,Bharat Petroleum,Tezpur,Assam,26.6452,92.7808
AS198,Tezpur Bypass HP,Hindustan Petroleum,Tezpur,Assam,26.6537,92.7823
AS199,Tezpur Market Reliance,Reliance,Tezpur,Assam,26.6482,92.7878
AS200,Tezpur East NRL,NRL,Tezpur,Assam,26.6522,92.7846
BI201,Patna Fuel Point,IndianOil,Patna,Bihar,25.61,85.1414
BI202,Rajendra Nagar Pump,HP,Patna,Bihar,25.6201,85.1502
BI203,Bailey Road Fuel Hub,BPCL,Patna,Bihar,25.6175,85.1222
BI204,Gandhi Maidan Petrol,Reliance,Patna,Bihar,25.6119,85.137
BI205,Kankarbagh Service,IndianOil,Patna,Bihar,25.6065,85.1667
BI206,Secretariat Fuel Plaza,BPCL,Patna,Bihar,25.615,85.1255
BI207,Gaya Main Road Pump,HP,Gaya,Bihar,24.7969,85.0039
BI208,Bodh Gaya Fuel Station,IndianOil,Gaya,Bihar,24.6981,84.9876
BI209,Vishnupad Petrol Depot,BPCL,Gaya,Bihar,24.79,85.0
BI210,Magadh Fuel Stop,Reliance,Gaya,Bihar,24.8055,85.0152
BI211,Tekari Road Pump,HP,Gaya,Bihar,24.78,84.98
BI212,Tilka Manjhi Pump,IndianOil,Bhagalpur,Bihar,25.25,87.0167
BI213,Bhagalpur City Station,HP,Bhagalpur,Bihar,25.246,87.025
BI214,Kahalgaon Fuel Center,BPCL,Bhagalpur,Bihar,25.265,87.085
BI215,Nathnagar Petrol Pump,Reliance,Bhagalpur,Bihar,25.28,87.1
BI216,Champanagar Service,IndianOil,Bhagalpur,Bihar,25.27,87.06
BI217,Muzaffarpur Main Depot,IndianOil,Muzaffarpur,Bihar,26.12,85.39
BI218,Motijheel Fuel Station,HP,Muzaffarpur,Bihar,26.1275,85.378
BI219,Bela Road Pump,BPCL,Muzaffarpur,Bihar,26.135,85.4
BI220,Sikandarpur Depot,Reliance,Muzaffarpur,Bihar,26.14,85.41
BI221,Ahiyapur Petrol Hub,IndianOil,Muzaffarpur,Bihar,26.115,85.385
BI222,Chhapra City Pump,IndianOil,Chhapra,Bihar,25.78,84.73
BI223,Saran Fuel Depot,HP,Chhapra,Bihar,25.775,84.745
BI224,Bhikhari Thakur Pump,BPCL,Chhapra,Bihar,25.79,84.75
BI225,Rajendra Chowk Fuel,Reliance,Chhapra,Bihar,25.785,84.74
BI226,Garkha Service Point,IndianOil,Chhapra,Bihar,25.77,84.72
BI227,Siwan City Petrol Pump,IndianOil,Siwan,Bihar,26.22,84.36
BI228,Maharajganj Fuel Center,HP,Siwan,Bihar,26.235,84.375
BI229,JP Chowk Service,BPCL,Siwan,Bihar,26.24,84.365
BI230,Siwan Road Depot,Reliance,Siwan,Bihar,26.225,84.35
BI231,Andar Bazar Pump,IndianOil,Siwan,Bihar,26.215,84.34
BI232,Darbhanga City Pump,IndianOil,Darbhanga,Bihar,26.15,85.9
BI233,Laheriasarai Depot,HP,Darbhanga,Bihar,26.16,85.91
BI234,Kusheshwar Pump,BPCL,Darbhanga,Bihar,26.155,85.905
BI235,Donar Fuel Plaza,Reliance,Darbhanga,Bihar,26.165,85.915
BI236,Bela Chowk Service,IndianOil,Darbhanga,Bihar,26.145,85.895
BI237,Purnea Main Fuel,IndianOil,Purnea,Bihar,25.78,87.48
BI238,Line Bazar Pump,HP,Purnea,Bihar,25.79,87.49
BI239,Gulabbagh Depot,BPCL,Purnea,Bihar,25.77,87.47
BI240,Purnea Court Fuel,Reliance,Purnea,Bihar,25.785,87.475
BI241,Rambagh Service,IndianOil,Purnea,Bihar,25.775,87.46
BI242,Katihar City Pump,IndianOil,Katihar,Bihar,25.55,87.58
BI243,Manihari Fuel Station,HP,Katihar,Bihar,25.545,87.59
BI244,Kursela Depot,BPCL,Katihar,Bihar,25.56,87.6
BI245,Katihar Court Fuel,Reliance,Katihar,Bihar,25.57,87.585
BI246,Mirchaibari Pump,IndianOil,Katihar,Bihar,25.565,87.595
BI247,Munger City Pump,IndianOil,Munger,Bihar,25.38,86.47
BI248,Jamalpur Depot,HP,Munger,Bihar,25.375,86.48
BI249,Kasim Bazar Fuel,BPCL,Munger,Bihar,25.385,86.46
BI250,Bariarpur Service,Reliance,Munger,Bihar,25.37,86.45
BI251,Munger Road Pump,IndianOil,Munger,Bihar,25.365,86.465
BI252,Ara City Fuel Station,IndianOil,Ara,Bihar,25.56,84.67
BI253,Koilwar Pump,HP,Ara,Bihar,25.565,84.68
BI254,Jagdishpur Depot,BPCL,Ara,Bihar,25.575,84.665
BI255,Bhojpur Fuel Plaza,Reliance,Ara,Bihar,25.585,84.675
BI256,Ara Road Service,IndianOil,Ara,Bihar,25.57,84.66
BI257,Samastipur City Pump,IndianOil,Samastipur,Bihar,25.86,85.78
BI258,Tajpur Road Depot,HP,Samastipur,Bihar,25.865,85.77
BI259,Patori Fuel,BPCL,Samastipur,Bihar,25.85,85.765
BI260,Dalsingsarai Station,Reliance,Samastipur,Bihar,25.87,85.775
BI261,Bibhutipur Pump,IndianOil,Samastipur,Bihar,25.855,85.76
BI262,Nalanda City Pump,IndianOil,Bihar Sharif,Bihar,25.2,85.52
BI263,Sohsarai Depot,HP,Bihar Sharif,Bihar,25.195,85.51
BI264,Pawapuri Fuel,BPCL,Bihar Sharif,Bihar,25.205,85.53
BI265,Nalanda Chowk Service,Reliance,Bihar Sharif,Bihar,25.215,85.515
BI266,Bihar Sharif Road Pump,IndianOil,Bihar Sharif,Bihar,25.21,85.525
BI267,Hajipur Main Fuel Hub,IndianOil,Hajipur,Bihar,25.69,85.22
BI268,Ramashish Chowk Depot,HP,Hajipur,Bihar,25.7,85.23
BI269,Vaishali Service Point,BPCL,Hajipur,Bihar,25.695,85.225
BI270,Hajipur Court Fuel,Reliance,Hajipur,Bihar,25.705,85.24
BI271,Gandhi Setu Petrol,IndianOil,Hajipur,Bihar,25.71,85.215
CG272,Raipur Fuel Point,Indian Oil,Raipur,Chhattisgarh,21.2514,81.6296
CG273,Capital City HP Pump,HP,Raipur,Chhattisgarh,21.256,81.632
CG274,Raipur Bharat Petrol Hub,BPCL,Raipur,Chhattisgarh,21.249,81.627
CG275,Shakti Nagar Fuel Stop,Reliance,Raipur,Chhattisgarh,21.2525,81.635
CG276,Raipur Smart Pump,Essar,Raipur,Chhattisgarh,21.254,81.6285
CG277,Bilaspur IOC Center,Indian Oil,Bilaspur,Chhattisgarh,22.0797,82.1391
CG278,Bilaspur HP Fuel Hub,HP,Bilaspur,Chhattisgarh,22.085,82.1405
CG279,Bilaspur Bharat Station,BPCL,Bilaspur,Chhattisgarh,22.08,82.142
CG280,Energy Point Bilaspur,Reliance,Bilaspur,Chhattisgarh,22.0825,82.141
CG281,Smart Fuel Bilaspur,Essar,Bilaspur,Chhattisgarh,22.083,82.1435
CG282,Durg City IOC,Indian Oil,Durg,Chhattisgarh,21.1905,81.2849
CG283,Durg HP Fuel Center,HP,Durg,Chhattisgarh,21.192,81.2855
CG284,Bharat Pump Durg,BPCL,Durg,Chhattisgarh,21.191,81.286
CG285,Reliance Fuel Durg,Reliance,Durg,Chhattisgarh,21.193,81.284
CG286,Durg Smart Fuel,Essar,Durg,Chhattisgarh,21.1945,81.285
CG287,Bhilai IOC Junction,Indian Oil,Bhilai Nagar,Chhattisgarh,21.21,81.38
CG288,Bhilai HP Station,HP,Bhilai Nagar,Chhattisgarh,21.212,81.3815
CG289,Bharat Fuel Bhilai,BPCL,Bhilai Nagar,Chhattisgarh,21.211,81.3825
CG290,Bhilai Reliance Hub,Reliance,Bhilai Nagar,Chhattisgarh,21.213,81.383
CG291,Smart Pump Bhilai,Essar,Bhilai Nagar,Chhattisgarh,21.2145,81.3805
CG292,Korba IOC Point,Indian Oil,Korba,Chhattisgarh,22.3595,82.7501
CG293,Korba HP Fuel Station,HP,Korba,Chhattisgarh,22.362,82.752
CG294,Bharat Korba,BPCL,Korba,Chhattisgarh,22.361,82.7535
CG295,Reliance Korba,Reliance,Korba,Chhattisgarh,22.363,82.751
CG296,Essar Smart Korba,Essar,Korba,Chhattisgarh,22.3645,82.754
CG297,Rajnandgaon IOC,Indian Oil,Rajnandgaon,Chhattisgarh,21.097,81.033
CG298,Rajnandgaon HP Station,HP,Rajnandgaon,Chhattisgarh,21.0985,81.0345
CG299,Bharat Fuel Rajnandgaon,BPCL,Rajnandgaon,Chhattisgarh,21.099,81.036
CG300,Reliance Pump Rajnandgaon,Reliance,Rajnandgaon,Chhattisgarh,21.1005,81.035
CG301,Smart Fuel Rajnandgaon,Essar,Rajnandgaon,Chhattisgarh,21.1015,81.037
CG302,Raigarh IOC Central,Indian Oil,Raigarh,Chhattisgarh,21.8974,83.3949
CG303,Raigarh HP Fuel Point,HP,Raigarh,Chhattisgarh,21.8985,83.396
CG304,Bharat Pump Raigarh,BPCL,Raigarh,Chhattisgarh,21.899,83.3975
CG305,Reliance Fuel Raigarh,Reliance,Raigarh,Chhattisgarh,21.9005,83.3955
CG306,Smart Pump Raigarh,Essar,Raigarh,Chhattisgarh,21.902,83.398
CG307,Jagdalpur IOC,Indian Oil,Jagdalpur,Chhattisgarh,19.07,82.04
CG308,Jagdalpur HP Pump,HP,Jagdalpur,Chhattisgarh,19.0715,82.0415
CG309,Bharat Fuel Jagdalpur,BPCL,Jagdalpur,Chhattisgarh,19.0725,82.043
CG310,Reliance Station Jagdalpur,Reliance,Jagdalpur,Chhattisgarh,19.073,82.042
CG311,Essar Smart Jagdalpur,Essar,Jagdalpur,Chhattisgarh,19.074,82.044
CG312,Ambikapur IOC Center,Indian Oil,Ambikapur,Chhattisgarh,23.1352,83.195
CG313,Ambikapur HP Fuel,HP,Ambikapur,Chhattisgarh,23.1365,83.1965
CG314,Bharat Ambikapur,BPCL,Ambikapur,Chhattisgarh,23.1375,83.197
CG315,Reliance Fuel Ambikapur,Reliance,Ambikapur,Chhattisgarh,23.138,83.198
CG316,Essar Pump Ambikapur,Essar,Ambikapur,Chhattisgarh,23.139,83.199
CG317,Dhamtari IOC Point,Indian Oil,Dhamtari,Chhattisgarh,20.7072,81.5486
CG318,Dhamtari HP Station,HP,Dhamtari,Chhattisgarh,20.708,81.5495
CG319,Bharat Fuel Dhamtari,BPCL,Dhamtari,Chhattisgarh,20.709,81.55
CG320,Reliance Pump Dhamtari,Reliance,Dhamtari,Chhattisgarh,20.71,81.551
CG321,Essar Smart Dhamtari,Essar,Dhamtari,Chhattisgarh,20.711,81.552
CG322,Jagdalpur City IOC,Indian Oil,Korba,Chhattisgarh,22.351,82.752
CG323,Korba HP Central,HP,Korba,Chhattisgarh,22.352,82.753
CG324,Bharat Fuel Korba,BPCL,Korba,Chhattisgarh,22.353,82.754
CG325,Reliance Pump Korba,Reliance,Korba,Chhattisgarh,22.354,82.755
CG326,Essar Fuel Korba,Essar,Korba,Chhattisgarh,22.355,82.756
GA327,Goa Central Fuel Station,IndianOil,Panaji,Goa,15.4909,73.8278
GA328,Riverfront Fuel Pump,BPCL,Panaji,Goa,15.491,73.828
GA329,Panaji Express Petrol,HPCL,Panaji,Goa,15.4895,73.8265
GA330,Mandovi Road Filling,Reliance,Panaji,Goa,15.492,73.829
GA331,Central Marina Pumps,Shell,Panaji,Goa,15.49,73.827
GA332,Margao Main Fuel Point,IndianOil,Margao,Goa,15.2993,73.9597
GA333,Margao Highway Pump,BPCL,Margao,Goa,15.3,73.9605
GA334,Salcete Fuel Hub,HPCL,Margao,Goa,15.298,73.958
GA335,Margao West Filling,Reliance,Margao,Goa,15.3008,73.9574
GA336,Margao Service Station,Essar,Margao,Goa,15.2975,73.96
GA337,Vasco Junction Pump,IndianOil,Mormugao (Vasco da Gama),Goa,15.395,73.82
GA338,Vasco Seafront Fuel,BPCL,Mormugao (Vasco da Gama),Goa,15.3945,73.821
GA339,Vasco Central Filling,HPCL,Mormugao (Vasco da Gama),Goa,15.396,73.819
GA340,Harbour Road Pump,Reliance,Mormugao (Vasco da Gama),Goa,15.3955,73.8205
GA341,Mormugao Express Station,Shell,Mormugao (Vasco da Gama),Goa,15.3958,73.8202
GA342,Pernem Town Pump,IndianOil,Pernem,Goa,15.7,73.73
GA343,Pernem Highway Service,BPCL,Pernem,Goa,15.699,73.731
GA344,Pernem West Filling,HPCL,Pernem,Goa,15.701,73.729
GA345,Pernem Cross Pumps,Reliance,Pernem,Goa,15.7005,73.7305
GA346,Pernem Quick Stop,Essar,Pernem,Goa,15.6995,73.7315
GA347,Mapusa Market Pump,IndianOil,Mapusa,Goa,15.6139,73.8089
GA348,Mapusa Circle Filling,BPCL,Mapusa,Goa,15.6145,73.8095
GA349,Mapusa North Station,HPCL,Mapusa,Goa,15.613,73.8075
GA350,Mapusa Express Pump,Reliance,Mapusa,Goa,15.614,73.81
GA351,Mapusa Plaza Fuel,Shell,Mapusa,Goa,15.6138,73.8087
GA352,Bicholim Central Pump,IndianOil,Bicholim,Goa,15.5787,73.8699
GA353,Bicholim East Filling,BPCL,Bicholim,Goa,15.5795,73.8705
GA354,Bicholim Highway Stop,HPCL,Bicholim,Goa,15.5778,73.869
GA355,Bicholim Service Plaza,Reliance,Bicholim,Goa,15.578,73.871
GA356,Bicholim QuickFuel,Essar,Bicholim,Goa,15.579,73.87
GA357,Sanquelim Town Pump,IndianOil,Sanquelim,Goa,15.606,73.932
GA358,Sanquelim Road Filling,BPCL,Sanquelim,Goa,15.6055,73.9325
GA359,Sanquelim West Station,HPCL,Sanquelim,Goa,15.6065,73.931
GA360,Sanquelim Express Pump,Reliance,Sanquelim,Goa,15.6062,73.9328
GA361,Sanquelim Corner Fuel,Essar,Sanquelim,Goa,15.6058,73.9322
GA362,Valpoi Central Pump,IndianOil,Valpoi,Goa,15.6536,74.008
GA363,Valpoi Market Filling,BPCL,Valpoi,Goa,15.654,74.0085
GA364,Valpoi Highway Pump,HPCL,Valpoi,Goa,15.653,74.0075
GA365,Valpoi Express Station,Reliance,Valpoi,Goa,15.6538,74.0082
GA366,Valpoi Service Hub,Essar,Valpoi,Goa,15.6534,74.0081
GA367,Ponda Central Fuel,IndianOil,Ponda,Goa,15.403,74.0196
GA368,Ponda West Pumps,BPCL,Ponda,Goa,15.4035,74.0205
GA369,Ponda East Filling,HPCL,Ponda,Goa,15.4025,74.0185
GA370,Ponda Highway Stop,Reliance,Ponda,Goa,15.4038,74.019
GA371,Ponda Premium Fuel,Shell,Ponda,Goa,15.4032,74.0198
GA372,Cuncolim Town Pump,IndianOil,Cuncolim,Goa,15.2171,73.992
GA373,Cuncolim Market Filling,BPCL,Cuncolim,Goa,15.2175,73.9925
GA374,Cuncolim South Pump,HPCL,Cuncolim,Goa,15.2165,73.9915
GA375,Cuncolim Express Station,Reliance,Cuncolim,Goa,15.217,73.9922
GA376,Cuncolim QuickFill,Essar,Cuncolim,Goa,15.2172,73.9921
GA377,Quepem Central Pump,IndianOil,Quepem,Goa,15.1032,74.0172
GA378,Quepem Market Filling,BPCL,Quepem,Goa,15.1038,74.0176
GA379,Quepem East Station,HPCL,Quepem,Goa,15.1025,74.0168
GA380,Quepem Highway Pump,Reliance,Quepem,Goa,15.1035,74.0174
GA381,Quepem Service Stop,Essar,Quepem,Goa,15.103,74.017
GA382,Curchorem Junction Pump,IndianOil,Curchorem,Goa,15.1456,74.017
GA383,Curchorem East Filling,BPCL,Curchorem,Goa,15.146,74.0175
GA384,Curchorem South Pump,HPCL,Curchorem,Goa,15.145,74.0165
GA385,Curchorem Express Station,Reliance,Curchorem,Goa,15.1458,74.0172
GA386,Curchorem Fuel Hub,Essar,Curchorem,Goa,15.1454,74.0171
GA387,Sanguem Central Pump,IndianOil,Sanguem,Goa,15.3622,74.1298
GA388,Sanguem Road Filling,BPCL,Sanguem,Goa,15.363,74.1305
GA389,Sanguem East Station,HPCL,Sanguem,Goa,15.3615,74.129
GA390,Sanguem Highway Pump,Reliance,Sanguem,Goa,15.3628,74.1295
GA391,Sanguem Service Plaza,Essar,Sanguem,Goa,15.362,74.1299
GA392,Canacona Beach Pump,IndianOil,Canacona,Goa,14.9875,74.0259
GA393,Canacona Market Filling,BPCL,Canacona,Goa,14.988,74.0265
GA394,Canacona South Station,HPCL,Canacona,Goa,14.987,74.025
GA395,Canacona Express Pump,Reliance,Canacona,Goa,14.9878,74.026
GA396,Canacona Coastal Hub,Shell,Canacona,Goa,14.9876,74.0258
GJ397,HPCL-Fuel Station Ghatlodiya,HP,Ahmedabad,Gujarat,23.0276,72.5534
GJ398,HPCL-Fuel Station Shilaj Rd,HP,Ahmedabad,Gujarat,23.022,72.535
GJ399,HPCL-Fuel Station Chandkheda,HP,Ahmedabad,Gujarat,23.0653,72.6167
GJ400,HPCL-Fuel Station Ellisbridge,HP,Ahmedabad,Gujarat,23.0336,72.5615
GJ401,HPCL-Fuel Station Paldi,HP,Ahmedabad,Gujarat,23.0227,72.5569
GJ402,HPCL-Fuel Station Raikhad,HP,Ahmedabad,Gujarat,23.0226,72.5654
GJ403,HPCL-Fuel Station Relief Rd,HP,Ahmedabad,Gujarat,23.0225,72.561
GJ404,HPCL-Fuel Station Gheekanta,HP,Ahmedabad,Gujarat,23.0223,72.5599
GJ405,HPCL-Fuel Station Nikol,HP,Ahmedabad,Gujarat,23.0221,72.5578
GJ406,HPCL-Fuel Station Bhuvaladi,HP,Ahmedabad,Gujarat,23.0218,72.5567
GJ407,HPCL-Fuel Station Saraspur,HP,Ahmedabad,Gujarat,23.0216,72.5556
GJ408,HPCL-Fuel Station Road Rakhiyal,HP,Ahmedabad,Gujarat,23.0214,72.5545
GJ409,HPCL-Fuel Station Pushpak,HP,Ahmedabad,Gujarat,23.0212,72.5534
GJ410,HPCL-Fuel Station Janta Nagar,HP,Ahmedabad,Gujarat,23.021,72.5523
GJ411,HPCL-Fuel Station Maninagar,HP,Ahmedabad,Gujarat,23.0208,72.5512
GJ412,HPCL-Fuel Station Aslali,HP,Ahmedabad,Gujarat,23.0206,72.5501
GJ413,HPCL-Fuel Station Bareja,HP,Ahmedabad,Gujarat,23.0204,72.549
GJ414,HPCL-Fuel Station Vejalpur,HP,Ahmedabad,Gujarat,23.0202,72.5479
GJ415,HPCL-Fuel Station Gandhinagar,HP,Gandhinagar,Gujarat,23.022,72.5678
GJ416,HPCL-Fuel Station Valad,HP,Gandhinagar,Gujarat,23.0218,72.5667
GJ417,HPCL-Fuel Station Chhatral,HP,Gandhinagar,Gujarat,23.0216,72.5656
GJ418,HPCL-Fuel Station Mansa,HP,Gandhinagar,Gujarat,23.0214,72.5645
GJ419,HPCL-Fuel Station Adalaj,HP,Gandhinagar,Gujarat,23.0212,72.5634
GJ420,HPCL-Fuel Station Chiloda,HP,Gandhinagar,Gujarat,23.021,72.5623
GJ421,HPCL-Fuel Station Gandhinagar,HP,Gandhinagar,Gujarat,23.0208,72.5612
GJ422,HPCL-Fuel Station Gandhinagar,HP,Gandhinagar,Gujarat,23.0206,72.5601
GJ423,HPCL-Fuel Station Gandhinagar,HP,Gandhinagar,Gujarat,23.0204,72.559
GJ424,HPCL-Fuel Station Gandhinagar,HP,Gandhinagar,Gujarat,23.0202,72.5579
GJ425,HPCL-Fuel Station Gandhinagar,HP,Gandhinagar,Gujarat,23.02,72.5568
GJ426,HPCL-Fuel Station Bhavnagar,HP,Bhavnagar,Gujarat,21.7649,72.15
GJ427,HPCL-Fuel Station Dholera,HP,Bhavnagar,Gujarat,21.765,72.1501
GJ428,HPCL-Fuel Station Palitana,HP,Bhavnagar,Gujarat,21.7651,72.1502
GJ429,HPCL-Fuel Station Sihor,HP,Bhavnagar,Gujarat,21.7652,72.1503
GJ430,HPCL-Fuel Station Gariadhar,HP,Bhavnagar,Gujarat,21.7653,72.1504
GJ431,HPCL-Fuel Station Rajula,HP,Bhavnagar,Gujarat,21.7654,72.1505
GJ432,HPCL-Fuel Station Una,HP,Bhavnagar,Gujarat,21.7655,72.1506
GJ433,HPCL-Fuel Station Talaja,HP,Bhavnagar,Gujarat,21.7656,72.1507
GJ434,HPCL-Fuel Station Mahuva,HP,Bhavnagar,Gujarat,21.7657,72.1508
GJ435,HPCL-Fuel Station Bhavnagar,HP,Bhavnagar,Gujarat,21.7658,72.1509
GJ436,HPCL-Fuel Station Jamnagar,HP,Jamnagar,Gujarat,22.4707,70.057
GJ437,HPCL-Fuel Station Kandla,HP,Jamnagar,Gujarat,22.4708,70.0571
GJ438,HPCL-Fuel Station Dwarka,HP,Jamnagar,Gujarat,22.4709,70.0572
GJ439,HPCL-Fuel Station Okha,HP,Jamnagar,Gujarat,22.471,70.0573
GJ440,HPCL-Fuel Station Mithapur,HP,Jamnagar,Gujarat,22.4711,70.0574
GJ441,HPCL-Fuel Station Rajkot,HP,Rajkot,Gujarat,22.3039,70.8022
GJ442,HPCL-Fuel Station Morbi,HP,Rajkot,Gujarat,22.304,70.8023
GJ443,HPCL-Fuel Station Jamnagar,HP,Rajkot,Gujarat,22.3041,70.8024
GJ444,HPCL-Fuel Station Bhuj,HP,Rajkot,Gujarat,22.3042,70.8025
GJ445,HPCL-Fuel Station Gandhidham,HP,Rajkot,Gujarat,22.3043,70.8026
GJ446,HPCL-Fuel Station Surendranagar,HP,Rajkot,Gujarat,22.3044,70.8027
GJ447,HPCL-Fuel Station Nadiad,HP,Rajkot,Gujarat,22.3045,70.8028
GJ448,HPCL-Fuel Station Anand,HP,Anand,Gujarat,22.5646,72.9289
GJ449,HPCL-Fuel Station Borsad,HP,Anand,Gujarat,22.5647,72.929
GJ450,HPCL-Fuel Station Petlad,HP,Anand,Gujarat,22.5648,72.9291
GJ451,HPCL-Fuel Station Khambhat,HP,Anand,Gujarat,22.5649,72.9292
GJ452,HPCL-Fuel Station Umreth,HP,Anand,Gujarat,22.565,72.9293
GJ453,HPCL-Fuel Station Vadodara,HP,Vadodara,Gujarat,22.3072,73.1812
GJ454,HPCL-Fuel Station Padra,HP,Vadodara,Gujarat,22.3073,73.1813
GJ455,HPCL-Fuel Station Savli,HP,Vadodara,Gujarat,22.3074,73.1814
GJ456,HPCL-Fuel Station Waghodia,HP,Vadodara,Gujarat,22.3075,73.1815
GJ457,HPCL-Fuel Station Karjan,HP,Vadodara,Gujarat,22.3076,73.1816
GJ458,HPCL-Fuel Station Bharuch,HP,Bharuch,Gujarat,21.7051,73.0622
GJ459,HPCL-Fuel Station Jambusar,HP,Bharuch,Gujarat,21.7052,73.0623
GJ460,HPCL-Fuel Station Ankleshwar,HP,Bharuch,Gujarat,21.7053,73.0624
GJ461,HPCL-Fuel Station Amod,HP,Bharuch,Gujarat,21.7054,73.0625
GJ462,HPCL-Fuel Station Valia,HP,Bharuch,Gujarat,21.7055,73.0626
GJ463,HPCL-Fuel Station Narmada,HP,Narmada,Gujarat,21.8362,73.5291
GJ464,HPCL-Fuel Station Tilakwada,HP,Narmada,Gujarat,21.8363,73.5292
GJ465,HPCL-Fuel Station Dediapada,HP,Narmada,Gujarat,21.8364,73.5293
GJ466,HPCL-Fuel Station Sagbara,HP,Narmada,Gujarat,21.8365,73.5294
GJ467,HPCL-Fuel Station Garudeshwar,HP,Narmada,Gujarat,21.8366,73.5295
GJ468,HPCL-Fuel Station Mehsana,HP,Mehsana,Gujarat,23.5929,72.3693
GJ469,HPCL-Fuel Station Kheralu,HP,Mehsana,Gujarat,23.593,72.3694
GJ470,HPCL-Fuel Station Unjha,HP,Mehsana,Gujarat,23.5931,72.3695
GJ471,HPCL-Fuel Station Vijapur,HP,Mehsana,Gujarat,23.5932,72.3696
GJ472,HPCL-Fuel Station Vadnagar,HP,Mehsana,Gujarat,23.5933,72.3697
GJ473,HPCL-Fuel Station Sabarkantha,HP,Sabarkantha,Gujarat,23.8497,73.152
GJ474,HPCL-Fuel Station Idar,HP,Sabarkantha,Gujarat,23.8498,73.1521
GJ475,HPCL-Fuel Station Himatnagar,HP,Sabarkantha,Gujarat,23.8499,73.1522
GJ476,HPCL-Fuel Station Talod,HP,Sabarkantha,Gujarat,23.85,73.1523
GJ477,HPCL-Fuel Station Prantij,HP,Sabarkantha,Gujarat,23.8501,73.1524
GJ478,HPCL-Fuel Station Surendranagar,HP,Surendranagar,Gujarat,22.7196,71.6572
GJ479,HPCL-Fuel Station Chotila,HP,Surendranagar,Gujarat,22.7197,71.6573
GJ480,HPCL-Fuel Station Limbdi,HP,Surendranagar,Gujarat,22.7198,71.6574
GJ481,HPCL-Fuel Station Halvad,HP,Surendranagar,Gujarat,22.7199,71.6575
GJ482,HPCL-Fuel Station Sayla,HP,Surendranagar,Gujarat,22.72,71.6576
GJ483,HPCL-Fuel Station Palanpur,HP,Banaskantha,Gujarat,24.1712,72.431
GJ484,HPCL-Fuel Station Deesa,HP,Banaskantha,Gujarat,24.1713,72.4311
GJ485,HPCL-Fuel Station Tharad,HP,Banaskantha,Gujarat,24.1714,72.4312
GJ486,HPCL-Fuel Station Dhanera,HP,Banaskantha,Gujarat,24.1715,72.4313
GJ487,HPCL-Fuel Station Palanpur Road,HP,Banaskantha,Gujarat,24.1716,72.4314
GJ488,HPCL-Fuel Station Bhuj,HP,Kutch,Gujarat,23.244,69.6662
GJ489,HPCL-Fuel Station Anjar,HP,Kutch,Gujarat,23.2441,69.6663
GJ490,HPCL-Fuel Station Mandvi,HP,Kutch,Gujarat,23.2442,69.6664
GJ491,HPCL-Fuel Station Nakhatrana,HP,Kutch,Gujarat,23.2443,69.6665
GJ492,HPCL-Fuel Station Bhachau,HP,Kutch,Gujarat,23.2444,69.6666
GJ493,HPCL-Fuel Station Junagadh,HP,Junagadh,Gujarat,21.5225,70.4579
GJ494,HPCL-Fuel Station Veraval,HP,Junagadh,Gujarat,21.5226,70.458
GJ495,HPCL-Fuel Station Kodinar,HP,Junagadh,Gujarat,21.5227,70.4581
GJ496,HPCL-Fuel Station Talala,HP,Junagadh,Gujarat,21.5228,70.4582
GJ497,HPCL-Fuel Station Keshod,HP,Junagadh,Gujarat,21.5229,70.4583
GJ498,HPCL-Fuel Station Palitana,HP,Bhavnagar,Gujarat,21.7653,72.1504
GJ499,HPCL-Fuel Station Gariadhar,HP,Bhavnagar,Gujarat,21.7654,72.1505
GJ500,HPCL-Fuel Station Mahuva,HP,Bhavnagar,Gujarat,21.7655,72.1506
GJ501,HPCL-Fuel Station Palitana Rd,HP,Bhavnagar,Gujarat,21.7656,72.1507
GJ502,HPCL-Fuel Station Bhavnagar,HP,Bhavnagar,Gujarat,21.7657,72.1508
GJ503,HPCL-Fuel Station Jamnagar,HP,Jamnagar,Gujarat,22.4707,70.057
GJ504,HPCL-Fuel Station Okha,HP,Jamnagar,Gujarat,22.4708,70.0571
GJ505,HPCL-Fuel Station Dwarka,HP,Jamnagar,Gujarat,22.4709,70.0572
GJ506,HPCL-Fuel Station Kandla,HP,Jamnagar,Gujarat,22.471,70.0573
GJ507,HPCL-Fuel Station Mithapur,HP,Jamnagar,Gujarat,22.4711,70.0574
GJ508,HPCL-Fuel Station Rajkot,HP,Rajkot,Gujarat,22.3039,70.8022
GJ509,HPCL-Fuel Station Morbi,HP,Rajkot,Gujarat,22.304,70.8023
GJ510,HPCL-Fuel Station Gondal,HP,Rajkot,Gujarat,22.3041,70.8024
GJ511,HPCL-Fuel Station Jetpur,HP,Rajkot,Gujarat,22.3042,70.8025
GJ512,HPCL-Fuel Station Dhoraji,HP,Rajkot,Gujarat,22.3043,70.8026
GJ513,HPCL-Fuel Station Junagadh,HP,Junagadh,Gujarat,21.5225,70.4579
GJ514,HPCL-Fuel Station Veraval,HP,Junagadh,Gujarat,21.5226,70.458
GJ515,HPCL-Fuel Station Kodinar,HP,Junagadh,Gujarat,21.5227,70.4581
GJ516,HPCL-Fuel Station Talala,HP,Junagadh,Gujarat,21.5228,70.4582
GJ517,HPCL-Fuel Station Keshod,HP,Junagadh,Gujarat,21.5229,70.4583
GJ518,HPCL-Fuel Station Mehsana,HP,Mehsana,Gujarat,23.5929,72.3693
GJ519,HPCL-Fuel Station Kheralu,HP,Mehsana,Gujarat,23.593,72.3694
GJ520,HPCL-Fuel Station Unjha,HP,Mehsana,Gujarat,23.5931,72.3695
GJ521,HPCL-Fuel Station Vijapur,HP,Mehsana,Gujarat,23.5932,72.3696
GJ522,HPCL-Fuel Station Vadnagar,HP,Mehsana,Gujarat,23.5933,72.3697
GJ523,HPCL-Fuel Station Sabarkantha,HP,Sabarkantha,Gujarat,23.8497,73.152
GJ524,HPCL-Fuel Station Idar,HP,Sabarkantha,Gujarat,23.8498,73.1521
GJ525,HPCL-Fuel Station Himatnagar,HP,Sabarkantha,Gujarat,23.8499,73.1522
GJ526,HPCL-Fuel Station Talod,HP,Sabarkantha,Gujarat,23.85,73.1523
GJ527,HPCL-Fuel Station Prantij,HP,Sabarkantha,Gujarat,23.8501,73.1524
GJ528,HPCL-Fuel Station Valsad,HP,Valsad,Gujarat,20.599,72.934
GJ529,HPCL-Fuel Station Pardi,HP,Valsad,Gujarat,20.5991,72.9341
GJ530,HPCL-Fuel Station Umargam,HP,Valsad,Gujarat,20.5992,72.9342
GJ531,HPCL-Fuel Station Dharampur,HP,Valsad,Gujarat,20.5993,72.9343
GJ532,HPCL-Fuel Station Kaprada,HP,Valsad,Gujarat,20.5994,72.9344
GJ533,HPCL-Fuel Station Navsari,HP,Navsari,Gujarat,20.9467,72.9528
GJ534,HPCL-Fuel Station Chikhli,HP,Navsari,Gujarat,20.9468,72.9529
GJ535,HPCL-Fuel Station Gandevi,HP,Navsari,Gujarat,20.9469,72.953
GJ536,HPCL-Fuel Station Khergam,HP,Navsari,Gujarat,20.947,72.9531
GJ537,HPCL-Fuel Station Vansda,HP,Navsari,Gujarat,20.9471,72.9532
GJ538,HPCL-Fuel Station Surat,HP,Surat,Gujarat,21.1702,72.8311
GJ539,HPCL-Fuel Station Varachha,HP,Surat,Gujarat,21.1703,72.8312
GJ540,HPCL-Fuel Station Adajan,HP,Surat,Gujarat,21.1704,72.8313
GJ541,HPCL-Fuel Station Olpad,HP,Surat,Gujarat,21.1705,72.8314
GJ542,HPCL-Fuel Station Magdalla,HP,Surat,Gujarat,21.1706,72.8315
GJ543,HPCL-Fuel Station Bharuch,HP,Bharuch,Gujarat,21.7051,73.0622
GJ544,HPCL-Fuel Station Jambusar,HP,Bharuch,Gujarat,21.7052,73.0623
GJ545,HPCL-Fuel Station Ankleshwar,HP,Bharuch,Gujarat,21.7053,73.0624
GJ546,HPCL-Fuel Station Amod,HP,Bharuch,Gujarat,21.7054,73.0625
GJ547,HPCL-Fuel Station Valia,HP,Bharuch,Gujarat,21.7055,73.0626
GJ548,HPCL-Fuel Station Godhra,HP,Godhra,Gujarat,22.78,73.62
GJ549,HPCL-Fuel Station Halol,HP,Godhra,Gujarat,22.7801,73.6201
GJ550,HPCL-Fuel Station Dabhoi,HP,Godhra,Gujarat,22.7802,73.6202
GJ551,HPCL-Fuel Station Pavagadh,HP,Godhra,Gujarat,22.7803,73.6203
GJ552,HPCL-Fuel Station Bodeli,HP,Godhra,Gujarat,22.7804,73.6204
GJ553,HPCL-Fuel Station Anand,HP,Anand,Gujarat,22.5646,72.9289
GJ554,HPCL-Fuel Station Borsad,HP,Anand,Gujarat,22.5647,72.929
GJ555,HPCL-Fuel Station Petlad,HP,Anand,Gujarat,22.5648,72.9291
GJ556,HPCL-Fuel Station Khambhat,HP,Anand,Gujarat,22.5649,72.9292
GJ557,HPCL-Fuel Station Umreth,HP,Anand,Gujarat,22.565,72.9293
GJ558,HPCL-Fuel Station Dahod,HP,Dahod,Gujarat,22.8342,74.2932
GJ559,HPCL-Fuel Station Garbada,HP,Dahod,Gujarat,22.8343,74.2933
GJ560,HPCL-Fuel Station Jhalod,HP,Dahod,Gujarat,22.8344,74.2934
GJ561,HPCL-Fuel Station Limkheda,HP,Dahod,Gujarat,22.8345,74.2935
GJ562,HPCL-Fuel Station Devgarh,HP,Dahod,Gujarat,22.8346,74.2936
GJ563,HPCL-Fuel Station Palanpur,HP,Banaskantha,Gujarat,24.1712,72.431
GJ564,HPCL-Fuel Station Deesa,HP,Banaskantha,Gujarat,24.1713,72.4311
GJ565,HPCL-Fuel Station Tharad,HP,Banaskantha,Gujarat,24.1714,72.4312
GJ566,HPCL-Fuel Station Dhanera,HP,Banaskantha,Gujarat,24.1715,72.4313
GJ567,HPCL-Fuel Station Palanpur Rd,HP,Banaskantha,Gujarat,24.1716,72.4314
GJ568,HPCL-Fuel Station Bhuj,HP,Kutch,Gujarat,23.244,69.6662
GJ569,HPCL-Fuel Station Anjar,HP,Kutch,Gujarat,23.2441,69.6663
GJ570,HPCL-Fuel Station Mandvi,HP,Kutch,Gujarat,23.2442,69.6664
GJ571,HPCL-Fuel Station Nakhatrana,HP,Kutch,Gujarat,23.2443,69.6665
GJ572,HPCL-Fuel Station Bhachau,HP,Kutch,Gujarat,23.2444,69.6666
GJ573,HPCL-Fuel Station Amreli,HP,Amreli,Gujarat,21.6036,71.2256
GJ574,HPCL-Fuel Station Babra,HP,Amreli,Gujarat,21.6037,71.2257
GJ575,HPCL-Fuel Station Jafrabad,HP,Amreli,Gujarat,21.6038,71.2258
GJ576,HPCL-Fuel Station Dhari,HP,Amreli,Gujarat,21.6039,71.2259
GJ577,HPCL-Fuel Station Savarkundla,HP,Amreli,Gujarat,21.604,71.226
GJ578,HPCL-Fuel Station Surendranagar,HP,Surendranagar,Gujarat,22.7196,71.6572
GJ579,HPCL-Fuel Station Chotila,HP,Surendranagar,Gujarat,22.7197,71.6573
GJ580,HPCL-Fuel Station Limbdi,HP,Surendranagar,Gujarat,22.7198,71.6574
GJ581,HPCL-Fuel Station Halvad,HP,Surendranagar,Gujarat,22.7199,71.6575
GJ582,HPCL-Fuel Station Sayla,HP,Surendranagar,Gujarat,22.72,71.6576
GJ583,HPCL-Fuel Station Palanpur,HP,Banaskantha,Gujarat,24.1712,72.431
GJ584,HPCL-Fuel Station Deesa,HP,Banaskantha,Gujarat,24.1713,72.4311
GJ585,HPCL-Fuel Station Tharad,HP,Banaskantha,Gujarat,24.1714,72.4312
GJ586,HPCL-Fuel Station Dhanera,HP,Banaskantha,Gujarat,24.1715,72.4313
GJ587,HPCL-Fuel Station Palanpur Rd,HP,Banaskantha,Gujarat,24.1716,72.4314
GJ588,HPCL-Fuel Station Bhuj,HP,Kutch,Gujarat,23.244,69.6662
GJ589,HPCL-Fuel Station Anjar,HP,Kutch,Gujarat,23.2441,69.6663
GJ590,HPCL-Fuel Station Mandvi,HP,Kutch,Gujarat,23.2442,69.6664
GJ591,HPCL-Fuel Station Nakhatrana,HP,Kutch,Gujarat,23.2443,69.6665
GJ592,HPCL-Fuel Station Bhachau,HP,Kutch,Gujarat,23.2444,69.6666
GJ593,HPCL-Fuel Station Junagadh,HP,Junagadh,Gujarat,21.5225,70.4579
GJ594,HPCL-Fuel Station Veraval,HP,Junagadh,Gujarat,21.5226,70.458
GJ595,HPCL-Fuel Station Kodinar,HP,Junagadh,Gujarat,21.5227,70.4581
GJ596,HPCL-Fuel Station Talala,HP,Junagadh,Gujarat,21.5228,70.4582
GJ597,HPCL-Fuel Station Keshod,HP,Junagadh,Gujarat,21.5229,70.4583
GJ598,HPCL-Fuel Station Rajkot,HP,Rajkot,Gujarat,22.3039,70.8022
GJ599,HPCL-Fuel Station Gondal,HP,Rajkot,Gujarat,22.304,70.8023
GJ600,HPCL-Fuel Station Morbi,HP,Rajkot,Gujarat,22.3041,70.8024
GJ601,HPCL-Fuel Station Dhoraji,HP,Rajkot,Gujarat,22.3042,70.8025
GJ602,HPCL-Fuel Station Jetpur,HP,Rajkot,Gujarat,22.3043,70.8026
GJ603,HPCL-Fuel Station Mehsana,HP,Mehsana,Gujarat,23.5929,72.3693
GJ604,HPCL-Fuel Station Kheralu,HP,Mehsana,Gujarat,23.593,72.3694
GJ605,HPCL-Fuel Station Unjha,HP,Mehsana,Gujarat,23.5931,72.3695
GJ606,HPCL-Fuel Station Vijapur,HP,Mehsana,Gujarat,23.5932,72.3696
GJ607,HPCL-Fuel Station Vadnagar,HP,Mehsana,Gujarat,23.5933,72.3697
GJ608,HPCL-Fuel Station Sabarkantha,HP,Sabarkantha,Gujarat,23.8497,73.152
GJ609,HPCL-Fuel Station Idar,HP,Sabarkantha,Gujarat,23.8498,73.1521
GJ610,HPCL-Fuel Station Himatnagar,HP,Sabarkantha,Gujarat,23.8499,73.1522
GJ611,HPCL-Fuel Station Talod,HP,Sabarkantha,Gujarat,23.85,73.1523
GJ612,HPCL-Fuel Station Prantij,HP,Sabarkantha,Gujarat,23.8501,73.1524
GJ613,HPCL-Fuel Station Vapi,HP,Valsad,Gujarat,20.371,72.905
GJ614,HPCL-Fuel Station Daman Road,HP,Valsad,Gujarat,20.3711,72.9051
GJ615,HPCL-Fuel Station Umargam,HP,Valsad,Gujarat,20.3712,72.9052
GJ616,HPCL-Fuel Station Pardi,HP,Valsad,Gujarat,20.3713,72.9053
GJ617,HPCL-Fuel Station Kaparada,HP,Valsad,Gujarat,20.3714,72.9054
GJ618,HPCL-Fuel Station Bharuch,HP,Bharuch,Gujarat,21.7051,73.0622
GJ619,HPCL-Fuel Station Ankleshwar,HP,Bharuch,Gujarat,21.7052,73.0623
GJ620,HPCL-Fuel Station Jambusar,HP,Bharuch,Gujarat,21.7053,73.0624
GJ621,HPCL-Fuel Station Valia,HP,Bharuch,Gujarat,21.7054,73.0625
GJ622,HPCL-Fuel Station Amod,HP,Bharuch,Gujarat,21.7055,73.0626
GJ623,HPCL-Fuel Station Godhra,HP,Godhra,Gujarat,22.78,73.62
GJ624,HPCL-Fuel Station Halol,HP,Godhra,Gujarat,22.7801,73.6201
GJ625,HPCL-Fuel Station Dabhoi,HP,Godhra,Gujarat,22.7802,73.6202
GJ626,HPCL-Fuel Station Pavagadh,HP,Godhra,Gujarat,22.7803,73.6203
GJ627,HPCL-Fuel Station Bodeli,HP,Godhra,Gujarat,22.7804,73.6204
GJ628,HPCL-Fuel Station Anand,HP,Anand,Gujarat,22.5646,72.9289
GJ629,HPCL-Fuel Station Borsad,HP,Anand,Gujarat,22.5647,72.929
GJ630,HPCL-Fuel Station Petlad,HP,Anand,Gujarat,22.5648,72.9291
GJ631,HPCL-Fuel Station Khambhat,HP,Anand,Gujarat,22.5649,72.9292
GJ632,HPCL-Fuel Station Umreth,HP,Anand,Gujarat,22.565,72.9293
GJ633,HPCL-Fuel Station Dahod,HP,Dahod,Gujarat,22.8342,74.2932
GJ634,HPCL-Fuel Station Garbada,HP,Dahod,Gujarat,22.8343,74.2933
GJ635,HPCL-Fuel Station Jhalod,HP,Dahod,Gujarat,22.8344,74.2934
GJ636,HPCL-Fuel Station Limkheda,HP,Dahod,Gujarat,22.8345,74.2935
GJ637,HPCL-Fuel Station Devgarh,HP,Dahod,Gujarat,22.8346,74.2936
GJ638,HPCL-Fuel Station Palanpur,HP,Banaskantha,Gujarat,24.1712,72.431
GJ639,HPCL-Fuel Station Deesa,HP,Banaskantha,Gujarat,24.1713,72.4311
GJ640,HPCL-Fuel Station Tharad,HP,Banaskantha,Gujarat,24.1714,72.4312
GJ641,HPCL-Fuel Station Dhanera,HP,Banaskantha,Gujarat,24.1715,72.4313
GJ642,HPCL-Fuel Station Palanpur Rd,HP,Banaskantha,Gujarat,24.1716,72.4314
GJ643,HPCL-Fuel Station Bhuj,HP,Kutch,Gujarat,23.244,69.6662
GJ644,HPCL-Fuel Station Anjar,HP,Kutch,Gujarat,23.2441,69.6663
GJ645,HPCL-Fuel Station Mandvi,HP,Kutch,Gujarat,23.2442,69.6664
GJ646,HPCL-Fuel Station Nakhatrana,HP,Kutch,Gujarat,23.2443,69.6665
GJ647,HPCL-Fuel Station Rajpipla,HP,Narmada,Gujarat,21.823,73.6001
GJ648,HPCL-Fuel Station Tilakwada,HP,Narmada,Gujarat,21.8231,73.6002
GJ649,HPCL-Fuel Station Sagbara,HP,Narmada,Gujarat,21.8232,73.6003
GJ650,HPCL-Fuel Station Dediapada,HP,Narmada,Gujarat,21.8233,73.6004
GJ651,HPCL-Fuel Station Nandod,HP,Narmada,Gujarat,21.8234,73.6005
GJ652,HPCL-Fuel Station Valsad,HP,Valsad,Gujarat,20.599,72.934
GJ653,HPCL-Fuel Station Pardi,HP,Valsad,Gujarat,20.5991,72.9341
GJ654,HPCL-Fuel Station Umargam,HP,Valsad,Gujarat,20.5992,72.9342
GJ655,HPCL-Fuel Station Dharampur,HP,Valsad,Gujarat,20.5993,72.9343
GJ656,HPCL-Fuel Station Kaprada,HP,Valsad,Gujarat,20.5994,72.9344
GJ657,HPCL-Fuel Station Navsari,HP,Navsari,Gujarat,20.9467,72.9528
GJ658,HPCL-Fuel Station Chikhli,HP,Navsari,Gujarat,20.9468,72.9529
GJ659,HPCL-Fuel Station Gandevi,HP,Navsari,Gujarat,20.9469,72.953
GJ660,HPCL-Fuel Station Khergam,HP,Navsari,Gujarat,20.947,72.9531
GJ661,HPCL-Fuel Station Vansda,HP,Navsari,Gujarat,20.9471,72.9532
GJ662,HPCL-Fuel Station Surat,HP,Surat,Gujarat,21.1702,72.8311
GJ663,HPCL-Fuel Station Varachha,HP,Surat,Gujarat,21.1703,72.8312
GJ664,HPCL-Fuel Station Adajan,HP,Surat,Gujarat,21.1704,72.8313
GJ665,HPCL-Fuel Station Olpad,HP,Surat,Gujarat,21.1705,72.8314
GJ666,HPCL-Fuel Station Magdalla,HP,Surat,Gujarat,21.1706,72.8315
GJ667,HPCL-Fuel Station Bharuch,HP,Bharuch,Gujarat,21.7051,73.0622
GJ668,HPCL-Fuel Station Jambusar,HP,Bharuch,Gujarat,21.7052,73.0623
GJ669,HPCL-Fuel Station Ankleshwar,HP,Bharuch,Gujarat,21.7053,73.0624
GJ670,HPCL-Fuel Station Amod,HP,Bharuch,Gujarat,21.7054,73.0625
GJ671,HPCL-Fuel Station Valia,HP,Bharuch,Gujarat,21.7055,73.0626
GJ672,HPCL-Fuel Station Godhra,HP,Godhra,Gujarat,22.78,73.62
GJ673,HPCL-Fuel Station Halol,HP,Godhra,Gujarat,22.7801,73.6201
GJ674,HPCL-Fuel Station Dabhoi,HP,Godhra,Gujarat,22.7802,73.6202
GJ675,HPCL-Fuel Station Pavagadh,HP,Godhra,Gujarat,22.7803,73.6203
GJ676,HPCL-Fuel Station Bodeli,HP,Godhra,Gujarat,22.7804,73.6204
GJ677,HPCL-Fuel Station Anand,HP,Anand,Gujarat,22.5646,72.9289
GJ678,HPCL-Fuel Station Borsad,HP,Anand,Gujarat,22.5647,72.929
GJ679,HPCL-Fuel Station Petlad,HP,Anand,Gujarat,22.5648,72.9291
GJ680,HPCL-Fuel Station Khambhat,HP,Anand,Gujarat,22.5649,72.9292
GJ681,HPCL-Fuel Station Umreth,HP,Anand,Gujarat,22.565,72.9293
GJ682,HPCL-Fuel Station Dahod,HP,Dahod,Gujarat,22.8342,74.2932
GJ683,HPCL-Fuel Station Garbada,HP,Dahod,Gujarat,22.8343,74.2933
GJ684,HPCL-Fuel Station Jhalod,HP,Dahod,Gujarat,22.8344,74.2934
GJ685,HPCL-Fuel Station Limkheda,HP,Dahod,Gujarat,22.8345,74.2935
GJ686,HPCL-Fuel Station Devgarh,HP,Dahod,Gujarat,22.8346,74.2936
GJ687,HPCL-Fuel Station Palanpur,HP,Banaskantha,Gujarat,24.1712,72.431
GJ688,HPCL-Fuel Station Deesa,HP,Banaskantha,Gujarat,24.1713,72.4311
GJ689,HPCL-Fuel Station Tharad,HP,Banaskantha,Gujarat,24.1714,72.4312
GJ690,HPCL-Fuel Station Dhanera,HP,Banaskantha,Gujarat,24.1715,72.4313
GJ691,HPCL-Fuel Station Palanpur Rd,HP,Banaskantha,Gujarat,24.1716,72.4314
GJ692,HPCL-Fuel Station Bhuj,HP,Kutch,Gujarat,23.244,69.6662
GJ693,HPCL-Fuel Station Anjar,HP,Kutch,Gujarat,23.2441,69.6663
GJ694,HPCL-Fuel Station Mandvi,HP,Kutch,Gujarat,23.2442,69.6664
GJ695,HPCL-Fuel Station Nakhatrana,HP,Kutch,Gujarat,23.2443,69.6665
GJ696,HPCL-Fuel Station Bhachau,HP,Kutch,Gujarat,23.2444,69.6666
GJ697,HPCL-Fuel Station Amreli,HP,Amreli,Gujarat,21.6036,71.2256
GJ698,HPCL-Fuel Station Babra,HP,Amreli,Gujarat,21.6037,71.2257
GJ699,HPCL-Fuel Station Jafrabad,HP,Amreli,Gujarat,21.6038,71.2258
GJ700,HPCL-Fuel Station Dhari,HP,Amreli,Gujarat,21.6039,71.2259
GJ701,HPCL-Fuel Station Savarkundla,HP,Amreli,Gujarat,21.604,71.226
GJ702,HPCL-Fuel Station Bhavnagar,HP,Bhavnagar,Gujarat,21.7645,72.1519
GJ703,HPCL-Fuel Station Palitana,HP,Bhavnagar,Gujarat,21.7646,72.152
GJ704,HPCL-Fuel Station Talaja,HP,Bhavnagar,Gujarat,21.7647,72.1521
GJ705,HPCL-Fuel Station Gariadhar,HP,Bhavnagar,Gujarat,21.7648,72.1522
GJ706,HPCL-Fuel Station Mahuva,HP,Bhavnagar,Gujarat,21.7649,72.1523
GJ707,HPCL-Fuel Station Jamnagar,HP,Jamnagar,Gujarat,22.4707,70.0577
GJ708,HPCL-Fuel Station Kalavad,HP,Jamnagar,Gujarat,22.4708,70.0578
GJ709,HPCL-Fuel Station Dhrol,HP,Jamnagar,Gujarat,22.4709,70.0579
GJ710,HPCL-Fuel Station Lalpur,HP,Jamnagar,Gujarat,22.471,70.058
GJ711,HPCL-Fuel Station Jamnagar Rd,HP,Jamnagar,Gujarat,22.4711,70.0581
GJ712,HPCL-Fuel Station Morbi,HP,Morbi,Gujarat,22.834,70.819
GJ713,HPCL-Fuel Station Maliya,HP,Morbi,Gujarat,22.8341,70.8191
GJ714,HPCL-Fuel Station Tankara,HP,Morbi,Gujarat,22.8342,70.8192
GJ715,HPCL-Fuel Station Wankaner,HP,Morbi,Gujarat,22.8343,70.8193
GJ716,HPCL-Fuel Station Halvad,HP,Morbi,Gujarat,22.8344,70.8194
GJ717,HPCL-Fuel Station Anand,HP,Anand,Gujarat,22.5646,72.9289
GJ718,HPCL-Fuel Station Borsad,HP,Anand,Gujarat,22.5647,72.929
GJ719,HPCL-Fuel Station Petlad,HP,Anand,Gujarat,22.5648,72.9291
GJ720,HPCL-Fuel Station Khambhat,HP,Anand,Gujarat,22.5649,72.9292
GJ721,HPCL-Fuel Station Umreth,HP,Anand,Gujarat,22.565,72.9293
GJ722,HPCL-Fuel Station Vadodara,HP,Vadodara,Gujarat,22.3072,73.1812
GJ723,HPCL-Fuel Station Alkapuri,HP,Vadodara,Gujarat,22.3073,73.1813
GJ724,HPCL-Fuel Station Akota,HP,Vadodara,Gujarat,22.3074,73.1814
GJ725,HPCL-Fuel Station Manjalpur,HP,Vadodara,Gujarat,22.3075,73.1815
GJ726,HPCL-Fuel Station Gorwa,HP,Vadodara,Gujarat,22.3076,73.1816
GJ727,HPCL-Fuel Station Nadiad,HP,Kheda,Gujarat,22.695,72.8611
GJ728,HPCL-Fuel Station Anand Rd,HP,Kheda,Gujarat,22.6951,72.8612
GJ729,HPCL-Fuel Station Kapadwanj,HP,Kheda,Gujarat,22.6952,72.8613
GJ730,HPCL-Fuel Station Kathlal,HP,Kheda,Gujarat,22.6953,72.8614
GJ731,HPCL-Fuel Station Mahudha,HP,Kheda,Gujarat,22.6954,72.8615
GJ732,HPCL-Fuel Station Anand,HP,Anand,Gujarat,22.5646,72.9289
GJ733,HPCL-Fuel Station Petlad,HP,Anand,Gujarat,22.5647,72.929
GJ734,HPCL-Fuel Station Borsad,HP,Anand,Gujarat,22.5648,72.9291
GJ735,HPCL-Fuel Station Khambhat,HP,Anand,Gujarat,22.5649,72.9292
GJ736,HPCL-Fuel Station Umreth,HP,Anand,Gujarat,22.565,72.9293
GJ737,HPCL-Fuel Station Surat,HP,Surat,Gujarat,21.1702,72.8311
GJ738,HPCL-Fuel Station Varachha,HP,Surat,Gujarat,21.1703,72.8312
GJ739,HPCL-Fuel Station Adajan,HP,Surat,Gujarat,21.1704,72.8313
GJ740,HPCL-Fuel Station Olpad,HP,Surat,Gujarat,21.1705,72.8314
GJ741,HPCL-Fuel Station Magdalla,HP,Surat,Gujarat,21.1706,72.8315
GJ742,HPCL-Fuel Station Valsad,HP,Valsad,Gujarat,20.599,72.934
GJ743,HPCL-Fuel Station Pardi,HP,Valsad,Gujarat,20.5991,72.9341
GJ744,HPCL-Fuel Station Umargam,HP,Valsad,Gujarat,20.5992,72.9342
GJ745,HPCL-Fuel Station Dharampur,HP,Valsad,Gujarat,20.5993,72.9343
GJ746,HPCL-Fuel Station Kaprada,HP,Valsad,Gujarat,20.5994,72.9344
HR747,Shree Sai Fuel Stop,IndianOil,Ambala,Haryana,30.3782,76.7767
HR748,Ambala Fuel Point,BPCL,Ambala,Haryana,30.36,76.78
HR749,QuickFuel Ambala,HPCL,Ambala,Haryana,30.3705,76.789
HR750,Reliance Petrol Hub,Reliance,Ambala,Haryana,30.365,76.772
HR751,Ambala City Petrol,IndianOil,Ambala,Haryana,30.372,76.778
HR752,Gurugram FastFuel,BPCL,Gurugram,Haryana,28.4595,77.0266
HR753,Gurugram Fuel Stop,HPCL,Gurugram,Haryana,28.4625,77.0353
HR754,Reliance Gurugram,Reliance,Gurugram,Haryana,28.465,77.03
HR755,HeroFuel Gurugram,IndianOil,Gurugram,Haryana,28.457,77.028
HR756,Gurugram Express Pump,BPCL,Gurugram,Haryana,28.46,77.025
HR757,Rohtak Petrol Point,HPCL,Rohtak,Haryana,28.8955,76.6066
HR758,Rohtak Fuel Hub,IndianOil,Rohtak,Haryana,28.9,76.61
HR759,Reliance Rohtak,Reliance,Rohtak,Haryana,28.897,76.605
HR760,Rohtak City Petrol,BPCL,Rohtak,Haryana,28.899,76.608
HR761,QuickFuel Rohtak,HPCL,Rohtak,Haryana,28.896,76.607
HR762,Hisar Petrol Stop,IndianOil,Hisar,Haryana,29.1492,75.7217
HR763,Reliance Hisar,Reliance,Hisar,Haryana,29.15,75.723
HR764,Hisar Express Pump,BPCL,Hisar,Haryana,29.148,75.72
HR765,QuickFuel Hisar,HPCL,Hisar,Haryana,29.147,75.722
HR766,Hisar City Petrol,IndianOil,Hisar,Haryana,29.146,75.724
HR767,Panipat Fuel Stop,Reliance,Panipat,Haryana,29.39,76.9635
HR768,Panipat Petrol Hub,BPCL,Panipat,Haryana,29.392,76.965
HR769,QuickFuel Panipat,HPCL,Panipat,Haryana,29.391,76.964
HR770,IndianOil Panipat,IndianOil,Panipat,Haryana,29.389,76.962
HR771,Reliance Express Panipat,Reliance,Panipat,Haryana,29.393,76.966
HR772,Karnal Petrol Stop,BPCL,Karnal,Haryana,29.685,76.99
HR773,Karnal Fuel Hub,IndianOil,Karnal,Haryana,29.684,76.992
HR774,Reliance Karnal,Reliance,Karnal,Haryana,29.686,76.991
HR775,QuickFuel Karnal,HPCL,Karnal,Haryana,29.687,76.993
HR776,Karnal City Petrol,BPCL,Karnal,Haryana,29.688,76.994
HR777,Sonipat Fuel Stop,IndianOil,Sonipat,Haryana,29.025,77.016
HR778,Reliance Sonipat,Reliance,Sonipat,Haryana,29.024,77.017
HR779,QuickFuel Sonipat,BPCL,Sonipat,Haryana,29.023,77.015
HR780,Sonipat City Petrol,HPCL,Sonipat,Haryana,29.026,77.018
HR781,Express Fuel Sonipat,IndianOil,Sonipat,Haryana,29.027,77.019
HR782,Yamunanagar Petrol Stop,BPCL,Yamunanagar,Haryana,30.129,77.267
HR783,Reliance Yamunanagar,Reliance,Yamunanagar,Haryana,30.13,77.268
HR784,QuickFuel Yamunanagar,HPCL,Yamunanagar,Haryana,30.131,77.269
HR785,Yamunanagar City Petrol,IndianOil,Yamunanagar,Haryana,30.128,77.266
HR786,Express Fuel Yamunanagar,BPCL,Yamunanagar,Haryana,30.132,77.27
HR787,Panchkula Fuel Stop,IndianOil,Panchkula,Haryana,30.6944,76.8533
HR788,Reliance Panchkula,Reliance,Panchkula,Haryana,30.695,76.854
HR789,QuickFuel Panchkula,BPCL,Panchkula,Haryana,30.693,76.852
HR790,Panchkula City Petrol,HPCL,Panchkula,Haryana,30.696,76.855
HR791,Express Fuel Panchkula,IndianOil,Panchkula,Haryana,30.697,76.856
HR792,Sirsa Petrol Stop,BPCL,Sirsa,Haryana,29.534,75.027
HR793,Reliance Sirsa,Reliance,Sirsa,Haryana,29.535,75.028
HR794,QuickFuel Sirsa,HPCL,Sirsa,Haryana,29.536,75.029
HR795,Sirsa City Petrol,IndianOil,Sirsa,Haryana,29.537,75.03
HR796,Express Fuel Sirsa,BPCL,Sirsa,Haryana,29.538,75.031
HR797,Express Fuel Jind,BPCL,Jind,Haryana,29.317,76.321
HR798,Reliance Jind,Reliance,Jind,Haryana,29.318,76.322
HR799,QuickFuel Jind,HPCL,Jind,Haryana,29.319,76.323
HR800,Jind City Petrol,IndianOil,Jind,Haryana,29.32,76.324
HR801,Shree Sai Jind,IndianOil,Jind,Haryana,29.321,76.325
HR802,Karnal Fuel Stop 2,BPCL,Karnal,Haryana,29.689,76.995
HR803,Reliance Karnal 2,Reliance,Karnal,Haryana,29.69,76.996
HR804,QuickFuel Karnal 2,HPCL,Karnal,Haryana,29.691,76.997
HR805,Karnal City Petrol 2,IndianOil,Karnal,Haryana,29.692,76.998
HR806,Express Fuel Karnal 2,BPCL,Karnal,Haryana,29.693,76.999
HR807,Fatehabad Fuel Stop,IndianOil,Fatehabad,Haryana,29.516,75.45
HR808,Reliance Fatehabad,Reliance,Fatehabad,Haryana,29.517,75.451
HR809,QuickFuel Fatehabad,HPCL,Fatehabad,Haryana,29.518,75.452
HR810,Fatehabad City Petrol,BPCL,Fatehabad,Haryana,29.519,75.453
HR811,Express Fuel Fatehabad,IndianOil,Fatehabad,Haryana,29.52,75.454
HR812,Rewari Fuel Stop,BPCL,Rewari,Haryana,28.197,76.618
HR813,Reliance Rewari,Reliance,Rewari,Haryana,28.198,76.619
HR814,QuickFuel Rewari,HPCL,Rewari,Haryana,28.199,76.62
HR815,Rewari City Petrol,IndianOil,Rewari,Haryana,28.2,76.621
HR816,Express Fuel Rewari,BPCL,Rewari,Haryana,28.201,76.622
HR817,Bhiwani Petrol Stop,IndianOil,Bhiwani,Haryana,28.791,76.134
HR818,Reliance Bhiwani,Reliance,Bhiwani,Haryana,28.792,76.135
HR819,QuickFuel Bhiwani,HPCL,Bhiwani,Haryana,28.793,76.136
HR820,Bhiwani City Petrol,BPCL,Bhiwani,Haryana,28.794,76.137
HR821,Express Fuel Bhiwani,IndianOil,Bhiwani,Haryana,28.795,76.138
HR822,Palwal Fuel Stop,BPCL,Palwal,Haryana,28.148,77.324
HR823,Reliance Palwal,Reliance,Palwal,Haryana,28.149,77.325
HR824,QuickFuel Palwal,HPCL,Palwal,Haryana,28.15,77.326
HR825,Palwal City Petrol,IndianOil,Palwal,Haryana,28.151,77.327
HR826,Express Fuel Palwal,BPCL,Palwal,Haryana,28.152,77.328
HR827,Narnaul Fuel Stop,IndianOil,Narnaul,Haryana,28.045,76.108
HR828,Reliance Narnaul,Reliance,Narnaul,Haryana,28.046,76.109
HR829,QuickFuel Narnaul,HPCL,Narnaul,Haryana,28.047,76.11
HR830,Narnaul City Petrol,BPCL,Narnaul,Haryana,28.048,76.111
HR831,Express Fuel Narnaul,IndianOil,Narnaul,Haryana,28.049,76.112
HR832,Kurukshetra Fuel Stop,BPCL,Kurukshetra,Haryana,29.969,76.878
HR833,Reliance Kurukshetra,Reliance,Kurukshetra,Haryana,29.97,76.879
HR834,QuickFuel Kurukshetra,HPCL,Kurukshetra,Haryana,29.971,76.88
HR835,Kurukshetra City Petrol,IndianOil,Kurukshetra,Haryana,29.972,76.881
HR836,Express Fuel Kurukshetra,BPCL,Kurukshetra,Haryana,29.973,76.882
HR837,Express Fuel Sirsa 2,BPCL,Sirsa,Haryana,29.539,75.032
HR838,Reliance Sirsa 2,Reliance,Sirsa,Haryana,29.54,75.033
HR839,QuickFuel Sirsa 2,HPCL,Sirsa,Haryana,29.541,75.034
HR840,Sirsa City Petrol 2,IndianOil,Sirsa,Haryana,29.542,75.035
HR841,Express Fuel Sirsa 3,BPCL,Sirsa,Haryana,29.543,75.036
HR842,Mahendragarh Fuel Stop,IndianOil,Mahendragarh,Haryana,28.286,76.122
HR843,Reliance Mahendragarh,Reliance,Mahendragarh,Haryana,28.287,76.123
HR844,QuickFuel Mahendragarh,HPCL,Mahendragarh,Haryana,28.288,76.124
HR845,Mahendragarh City Petrol,BPCL,Mahendragarh,Haryana,28.289,76.125
HR846,Express Fuel Mahendragarh,IndianOil,Mahendragarh,Haryana,28.29,76.126
HR847,Nuh Fuel Stop,BPCL,Nuh,Haryana,28.104,77.07
HR848,Reliance Nuh,Reliance,Nuh,Haryana,28.105,77.071
HR849,QuickFuel Nuh,HPCL,Nuh,Haryana,28.106,77.072
HR850,Nuh City Petrol,IndianOil,Nuh,Haryana,28.107,77.073
HR851,Express Fuel Nuh 2,BPCL,Nuh,Haryana,28.108,77.074
HR852,Palwal Fuel Stop 2,IndianOil,Palwal,Haryana,28.153,77.329
HR853,Reliance Palwal 2,Reliance,Palwal,Haryana,28.154,77.33
HR854,QuickFuel Palwal 2,HPCL,Palwal,Haryana,28.155,77.331
HR855,Palwal City Petrol 2,BPCL,Palwal,Haryana,28.156,77.332
HR856,Express Fuel Palwal 3,IndianOil,Palwal,Haryana,28.157,77.333
HR857,Jhajjar Fuel Stop,BPCL,Jhajjar,Haryana,28.606,76.657
HR858,Reliance Jhajjar,Reliance,Jhajjar,Haryana,28.607,76.658
HR859,QuickFuel Jhajjar,HPCL,Jhajjar,Haryana,28.608,76.659
HR860,Jhajjar City Petrol,IndianOil,Jhajjar,Haryana,28.609,76.66
HR861,Express Fuel Jhajjar 2,BPCL,Jhajjar,Haryana,28.61,76.661
HR862,Mewat Fuel Stop,IndianOil,Mewat,Haryana,28.111,77.11
HR863,Reliance Mewat,Reliance,Mewat,Haryana,28.112,77.111
HR864,QuickFuel Mewat,HPCL,Mewat,Haryana,28.113,77.112
HR865,Mewat City Petrol,BPCL,Mewat,Haryana,28.114,77.113
HR866,Express Fuel Mewat 2,IndianOil,Mewat,Haryana,28.115,77.114
HR867,Rewari Fuel Stop 2,BPCL,Rewari,Haryana,28.202,76.623
HR868,Reliance Rewari 2,Reliance,Rewari,Haryana,28.203,76.624
HR869,QuickFuel Rewari 2,HPCL,Rewari,Haryana,28.204,76.625
HR870,Rewari City Petrol 2,IndianOil,Rewari,Haryana,28.205,76.626
HR871,Express Fuel Rewari 3,BPCL,Rewari,Haryana,28.206,76.627
HR872,Karnal Fuel Stop 3,BPCL,Karnal,Haryana,29.695,76.9965
HR873,Reliance Karnal 3,Reliance,Karnal,Haryana,29.696,76.997
HR874,QuickFuel Karnal 3,HPCL,Karnal,Haryana,29.697,76.998
HR875,Karnal City Petrol 3,IndianOil,Karnal,Haryana,29.698,76.999
HR876,Express Fuel Karnal 3,BPCL,Karnal,Haryana,29.699,77.0
HR877,Sonipat Fuel Stop 2,IndianOil,Sonipat,Haryana,29.028,77.02
HR878,Reliance Sonipat 2,Reliance,Sonipat,Haryana,29.029,77.021
HR879,QuickFuel Sonipat 2,BPCL,Sonipat,Haryana,29.03,77.022
HR880,Sonipat City Petrol 2,HPCL,Sonipat,Haryana,29.031,77.023
HR881,Express Fuel Sonipat 3,IndianOil,Sonipat,Haryana,29.032,77.024
HR882,Yamunanagar Fuel Stop 2,BPCL,Yamunanagar,Haryana,30.133,77.271
HR883,Reliance Yamunanagar 2,Reliance,Yamunanagar,Haryana,30.134,77.272
HR884,QuickFuel Yamunanagar 2,HPCL,Yamunanagar,Haryana,30.135,77.273
HR885,Yamunanagar City Petrol 2,IndianOil,Yamunanagar,Haryana,30.136,77.274
HR886,Express Fuel Yamunanagar 3,BPCL,Yamunanagar,Haryana,30.137,77.275
HR887,Panipat Fuel Stop 2,IndianOil,Panipat,Haryana,29.394,76.967
HR888,Panipat Petrol Hub 2,BPCL,Panipat,Haryana,29.395,76.968
HR889,QuickFuel Panipat 2,HPCL,Panipat,Haryana,29.396,76.969
HR890,IndianOil Panipat 2,IndianOil,Panipat,Haryana,29.397,76.97
HR891,Reliance Express Panipat 2,Reliance,Panipat,Haryana,29.398,76.971
HR892,Ambala Fuel Stop 2,BPCL,Ambala,Haryana,30.374,76.7805
HR893,Ambala Fuel Point 2,HPCL,Ambala,Haryana,30.375,76.781
HR894,QuickFuel Ambala 2,IndianOil,Ambala,Haryana,30.376,76.782
HR895,Reliance Petrol Hub 2,Reliance,Ambala,Haryana,30.377,76.783
HR896,Ambala City Petrol 2,BPCL,Ambala,Haryana,30.378,76.784
HR897,Gurugram FastFuel 2,BPCL,Gurugram,Haryana,28.466,77.036
HR898,Gurugram Fuel Stop 2,HPCL,Gurugram,Haryana,28.467,77.037
HR899,Reliance Gurugram 2,Reliance,Gurugram,Haryana,28.468,77.038
HR900,HeroFuel Gurugram 2,IndianOil,Gurugram,Haryana,28.469,77.039
HR901,Gurugram Express Pump 2,BPCL,Gurugram,Haryana,28.47,77.04
HR902,Hisar Petrol Stop 2,IndianOil,Hisar,Haryana,29.151,75.725
HR903,Reliance Hisar 2,Reliance,Hisar,Haryana,29.152,75.726
HR904,Hisar Express Pump 2,BPCL,Hisar,Haryana,29.153,75.727
HR905,QuickFuel Hisar 2,HPCL,Hisar,Haryana,29.154,75.728
HR906,Hisar City Petrol 2,IndianOil,Hisar,Haryana,29.155,75.729
HR907,Rohtak Petrol Point 2,HPCL,Rohtak,Haryana,28.901,76.611
HR908,Rohtak Fuel Hub 2,IndianOil,Rohtak,Haryana,28.902,76.612
HR909,Reliance Rohtak 2,Reliance,Rohtak,Haryana,28.903,76.613
HR910,Rohtak City Petrol 2,BPCL,Rohtak,Haryana,28.904,76.614
HR911,QuickFuel Rohtak 2,HPCL,Rohtak,Haryana,28.905,76.615
HR912,Panchkula Fuel Stop 2,IndianOil,Panchkula,Haryana,30.698,76.857
HR913,Reliance Panchkula 2,Reliance,Panchkula,Haryana,30.699,76.858
HR914,QuickFuel Panchkula 2,BPCL,Panchkula,Haryana,30.7,76.859
HR915,Panchkula City Petrol 2,HPCL,Panchkula,Haryana,30.701,76.86
HR916,Express Fuel Panchkula 2,IndianOil,Panchkula,Haryana,30.702,76.861
HR917,Jind Fuel Stop 2,BPCL,Jind,Haryana,29.322,76.326
HR918,Reliance Jind 2,Reliance,Jind,Haryana,29.323,76.327
HR919,QuickFuel Jind 2,HPCL,Jind,Haryana,29.324,76.328
HR920,Jind City Petrol 2,IndianOil,Jind,Haryana,29.325,76.329
HR921,Shree Sai Jind 2,IndianOil,Jind,Haryana,29.326,76.33
HR922,Narnaul Fuel Stop 2,BPCL,Narnaul,Haryana,28.05,76.113
HR923,Reliance Narnaul 2,Reliance,Narnaul,Haryana,28.051,76.114
HR924,QuickFuel Narnaul 2,HPCL,Narnaul,Haryana,28.052,76.115
HR925,Narnaul City Petrol 2,IndianOil,Narnaul,Haryana,28.053,76.116
HR926,Express Fuel Narnaul 2,BPCL,Narnaul,Haryana,28.054,76.117
HR927,Kurukshetra Fuel Stop 2,BPCL,Kurukshetra,Haryana,29.974,76.884
HR928,Reliance Kurukshetra 2,Reliance,Kurukshetra,Haryana,29.975,76.885
HR929,QuickFuel Kurukshetra 2,HPCL,Kurukshetra,Haryana,29.976,76.886
HR930,Kurukshetra City Petrol 2,IndianOil,Kurukshetra,Haryana,29.977,76.887
HR931,Express Fuel Kurukshetra 2,BPCL,Kurukshetra,Haryana,29.978,76.888
HR932,Fatehabad Fuel Stop 2,IndianOil,Fatehabad,Haryana,29.521,75.455
HR933,Reliance Fatehabad 2,Reliance,Fatehabad,Haryana,29.522,75.456
HR934,QuickFuel Fatehabad 2,HPCL,Fatehabad,Haryana,29.523,75.457
HR935,Fatehabad City Petrol 2,BPCL,Fatehabad,Haryana,29.524,75.458
HR936,Express Fuel Fatehabad 2,IndianOil,Fatehabad,Haryana,29.525,75.459
HP937,Ram Lal Anand & Sons,Indian Oil,Bilaspur,Himachal Pradesh,31.365,76.779
HP938,Sukumar Service Station,Hindustan Petroleum,Bilaspur,Himachal Pradesh,31.365,76.779
HP939,Kapil Service Station,Indian Oil,Bilaspur,Himachal Pradesh,31.365,76.779
HP940,Vinay Service Station,Indian Oil,Bilaspur,Himachal Pradesh,31.365,76.779
HP941,Sanjay Service Station,Indian Oil,Bilaspur,Himachal Pradesh,31.365,76.779
HP942,Parvati Service Station,Indian Oil,Bhunter,Himachal Pradesh,32.016,77.188
HP943,Puri Brothers,Hindustan Petroleum,Bhunter,Himachal Pradesh,32.016,77.188
HP944,Sood & Co.,Hindustan Petroleum,Akhada Bazzar,Himachal Pradesh,32.016,77.188
HP945,Dev Bhumi Filling Station,Indian Oil,Katrain,Himachal Pradesh,32.016,77.188
HP946,Sood & Co.,Hindustan Petroleum,Manali,Himachal Pradesh,32.016,77.188
HP947,Dev Shankar Filling Station,Hindustan Petroleum,Karsog,Himachal Pradesh,31.365,77.779
HP948,Shivom HP Centre,Hindustan Petroleum,Karsog,Himachal Pradesh,31.365,77.779
HP949,Shree Naina Devi Ji Service Station,Hindustan Petroleum,Kalkhar,Himachal Pradesh,31.365,77.779
HP950,Paul Service Station,Hindustan Petroleum,Sarkaghat,Himachal Pradesh,31.365,77.779
HP951,Rajni TSDS Oil & Lubricant,Hindustan Petroleum,Joginder Nagar,Himachal Pradesh,31.365,77.779
HP952,Baglamukhi Service Station,Hindustan Petroleum,Bagsaid,Himachal Pradesh,31.365,77.779
HP953,Gupta HP Fuel Centre,Hindustan Petroleum,Chuhru Rabal,Himachal Pradesh,31.365,77.779
HP954,Sai Filling & Service Station,Hindustan Petroleum,Chail Chowk,Himachal Pradesh,31.365,77.779
HP955,Kamaksha Filling Station,Hindustan Petroleum,Mahadev,Himachal Pradesh,31.365,77.779
HP956,Sai Petroleum,Hindustan Petroleum,Bagla,Himachal Pradesh,31.365,77.779
HP957,Lakshmi Traders,Hindustan Petroleum,Mandi,Himachal Pradesh,31.365,77.779
HP958,Kuldeep Chand & Sons,Hindustan Petroleum,Mandi,Himachal Pradesh,31.365,77.779
HP959,Kuldeep Chand & Sons,Hindustan Petroleum,Joginder Nagar,Himachal Pradesh,31.365,77.779
HP960,Kuldeep Chand & Sons,Hindustan Petroleum,Ner Chowk,Himachal Pradesh,31.365,77.779
HP961,Kuldeep Chand & Sons,Hindustan Petroleum,Sundernagar,Himachal Pradesh,31.365,77.779
HP962,Shaheed Naresh Filling Station,Hindustan Petroleum,Chakkar,Himachal Pradesh,31.365,77.779
HP963,Suneet Service Station,Hindustan Petroleum,Dadour,Himachal Pradesh,31.365,77.779
HP964,Tilak Service Station,Hindustan Petroleum,Sanarli,Himachal Pradesh,31.365,77.779
HP965,Kasturi Lal Ved Mittal,Hindustan Petroleum,Dhanotu,Himachal Pradesh,31.365,77.779
HP966,K.S.K. Filling Station,Hindustan Petroleum,Jarol,Himachal Pradesh,31.365,77.779
HP967,Sharma Oil & Fuel,Indian Oil,Shimla,Himachal Pradesh,31.1048,77.1734
HP968,Hillside Fuel Centre,Hindustan Petroleum,Shimla,Himachal Pradesh,31.105,77.174
HP969,Shimla Petrol Pump,Indian Oil,Shimla,Himachal Pradesh,31.104,77.175
HP970,Himachal HP Station,Hindustan Petroleum,Shimla,Himachal Pradesh,31.105,77.176
HP971,Mall Road Fuel Stop,Indian Oil,Shimla,Himachal Pradesh,31.106,77.177
HP972,Mountain View Fuel,Hindustan Petroleum,Dharamshala,Himachal Pradesh,32.219,76.323
HP973,Kangra HP Centre,Indian Oil,Dharamshala,Himachal Pradesh,32.218,76.324
HP974,Dharam HP Service,Hindustan Petroleum,Dharamshala,Himachal Pradesh,32.217,76.325
HP975,McLeodganj Fuel Station,Indian Oil,Dharamshala,Himachal Pradesh,32.216,76.326
HP976,Dalhousie Petrol Pump,Hindustan Petroleum,Dalhousie,Himachal Pradesh,32.537,75.973
HP977,Gandhi Chowk Fuel Stop,Indian Oil,Dalhousie,Himachal Pradesh,32.536,75.974
HP978,Dalhousie HP Service,Hindustan Petroleum,Dalhousie,Himachal Pradesh,32.535,75.975
HP979,Chamba Petrol Pump,Indian Oil,Chamba,Himachal Pradesh,32.551,76.071
HP980,Chamba HP Centre,Hindustan Petroleum,Chamba,Himachal Pradesh,32.55,76.072
HP981,Bharmour Fuel Stop,Indian Oil,Chamba,Himachal Pradesh,32.549,76.073
HP982,Solan Petrol Station,Indian Oil,Solan,Himachal Pradesh,30.92,77.112
HP983,Solan HP Fuel Centre,Hindustan Petroleum,Solan,Himachal Pradesh,30.921,77.113
HP984,Barog Petrol Pump,Indian Oil,Solan,Himachal Pradesh,30.922,77.114
HP985,Nahan HP Station,Hindustan Petroleum,Nahan,Himachal Pradesh,30.56,77.315
HP986,Rajgarh Fuel Stop,Indian Oil,Nahan,Himachal Pradesh,30.561,77.316
JH987,Sri Sai Nand Fuels,IndianOil,Giridih,Jharkhand,24.183,86.297
JH988,Kiran Petroleum,IndianOil,Godda,Jharkhand,24.826,86.299
JH989,Maa Tileshwari HP,Hindustan Petroleum,Godda,Jharkhand,24.826,86.299
JH990,Nature HP Fuels,Hindustan Petroleum,Sahibganj,Jharkhand,25.25,87.6
JH991,Anjali Fuels Station,Hindustan Petroleum,Dumka,Jharkhand,24.25,87.25
JH992,Anand HP Fuel Station,Hindustan Petroleum,Dumka,Jharkhand,24.25,87.25
JH993,Biswanath Prasad & Co,Hindustan Petroleum,Dumka,Jharkhand,24.25,87.25
JH994,M/s Mahadev HP,Hindustan Petroleum,Dumka,Jharkhand,24.25,87.25
JH995,Rehan Petrol Pump,IndianOil,Deoghar,Jharkhand,24.5,86.5
JH996,Indraprastha Petroleum,IndianOil,Ranchi,Jharkhand,23.344,85.309
JH997,Shiv Shakti Petroleum,IndianOil,Ranchi,Jharkhand,23.344,85.309
JH998,Kamla Fuels,IndianOil,Ranchi,Jharkhand,23.344,85.309
JH999,Khalari Fuels,IndianOil,Ranchi,Jharkhand,23.344,85.309
JH1000,Maa Deori Fuels,IndianOil,Ranchi,Jharkhand,23.344,85.309
JH1001,Dads Petroleum,IndianOil,Ranchi,Jharkhand,23.344,85.309
JH1002,Sai Filling Station,IndianOil,Jamshedpur,Jharkhand,22.805,86.184
JH1003,Auto Fill,IndianOil,Jamshedpur,Jharkhand,22.805,86.184
JH1004,Ashiana Fuel Centre,IndianOil,Jamshedpur,Jharkhand,22.805,86.184
JH1005,Bharat Petroleum Traders,Bharat Petroleum,Jamshedpur,Jharkhand,22.805,86.184
JH1006,Gope Bandhu KSK,IndianOil,Jamshedpur,Jharkhand,22.805,86.184
KA1007,Garden City Service Station,Indian Oil,Bengaluru,Karnataka,12.9716,77.5946
KA1008,Vijayashree Filling Station,Indian Oil,Bengaluru,Karnataka,13.0,77.5
KA1009,Sai Service Station,HPCL,Bengaluru,Karnataka,12.9716,77.5946
KA1010,Bharati Service Station,HPCL,Bengaluru,Karnataka,12.9716,77.5946
KA1011,Joyce Service Station,HPCL,Bengaluru,Karnataka,12.9716,77.5946
KA1012,Bhramarambha Fuel Station,HPCL,Bengaluru,Karnataka,12.9716,77.5946
KA1013,Devika Gasoline Park,HPCL,Bengaluru,Karnataka,12.9716,77.5946
KA1014,Mohan NP Enterprises,HPCL,Bengaluru,Karnataka,12.9716,77.5946
KA1015,Coco Ramamurthy Nagar,HPCL,Bengaluru,Karnataka,12.9716,77.5946
KA1016,Comco K.R.Puram,HPCL,Bengaluru,Karnataka,12.9716,77.5946
KA1017,Shree Venkateshwara Service Station,Indian Oil,Mysuru,Karnataka,12.2958,76.6394
KA1018,Sri Channakeshava Service Station,Indian Oil,Mysuru,Karnataka,12.2958,76.6394
KA1019,Sri Raghavendra Service Station,Indian Oil,Mysuru,Karnataka,12.2958,76.6394
KA1020,Sri Lakshmi Service Station,Indian Oil,Mysuru,Karnataka,12.2958,76.6394
KA1021,Sri Sharada Service Station,Indian Oil,Mysuru,Karnataka,12.2958,76.6394
KA1022,Sri Raghavendra Service Station,HPCL,Mangaluru,Karnataka,12.9141,74.856
KA1023,Sri Lakshmi Service Station,HPCL,Mangaluru,Karnataka,12.9141,74.856
KA1024,Sri Sharada Service Station,HPCL,Mangaluru,Karnataka,12.9141,74.856
KA1025,Sri Channakeshava Service Station,HPCL,Mangaluru,Karnataka,12.9141,74.856
KA1026,Sri Venkateshwara Service Station,HPCL,Mangaluru,Karnataka,12.9141,74.856
KA1027,Shree Venkateshwara Service Station,BPCL,Hubballi,Karnataka,15.3647,75.1317
KA1028,Sri Channakeshava Service Station,BPCL,Hubballi,Karnataka,15.3647,75.1317
KA1029,Sri Raghavendra Service Station,BPCL,Hubballi,Karnataka,15.3647,75.1317
KA1030,Sri Lakshmi Service Station,BPCL,Hubballi,Karnataka,15.3647,75.1317
KA1031,Sri Sharada Service Station,BPCL,Hubballi,Karnataka,15.3647,75.1317
KA1032,Sri Raghavendra Service Station,IOCL,Belagavi,Karnataka,15.8497,74.4977
KA1033,Sri Lakshmi Service Station,IOCL,Belagavi,Karnataka,15.8497,74.4977
KA1034,Sri Sharada Service Station,IOCL,Belagavi,Karnataka,15.8497,74.4977
KA1035,Sri Channakeshava Service Station,IOCL,Belagavi,Karnataka,15.8497,74.4977
KA1036,Sri Venkateshwara Service Station,IOCL,Belagavi,Karnataka,15.8497,74.4977
KA1037,Shree Krishna Service Station,IOCL,Davanagere,Karnataka,14.464,75.9217
KA1038,Sri Venkateshwara Fuel Stop,HPCL,Davanagere,Karnataka,14.464,75.9217
KA1039,Sai Service Station,BPCL,Davanagere,Karnataka,14.464,75.9217
KA1040,Bhramarambha Fuel Point,IOCL,Davanagere,Karnataka,14.464,75.9217
KA1041,Mohan Enterprises,HPCL,Davanagere,Karnataka,14.464,75.9217
KA1042,Sri Lakshmi Fuel Station,IOCL,Shimoga,Karnataka,13.9299,75.5681
KA1043,Shree Channakeshava Station,BPCL,Shimoga,Karnataka,13.9299,75.5681
KA1044,Sai Krishna Fuel Stop,HPCL,Shimoga,Karnataka,13.9299,75.5681
KA1045,Sri Venkateshwara Service,IOCL,Shimoga,Karnataka,13.9299,75.5681
KA1046,Mohan Enterprises,BPCL,Shimoga,Karnataka,13.9299,75.5681
KA1047,Shree Venkateshwara Station,IOCL,Tumakuru,Karnataka,13.3392,77.113
KA1048,Sri Lakshmi Fuel Stop,BPCL,Tumakuru,Karnataka,13.3392,77.113
KA1049,Sai Krishna Service Station,HPCL,Tumakuru,Karnataka,13.3392,77.113
KA1050,Bhramarambha Fuel Point,IOCL,Tumakuru,Karnataka,13.3392,77.113
KA1051,Mohan Enterprises,HPCL,Tumakuru,Karnataka,13.3392,77.113
KA1052,Sri Venkateshwara Station,IOCL,Bellary,Karnataka,15.1394,76.9214
KA1053,Sai Krishna Fuel Stop,BPCL,Bellary,Karnataka,15.1394,76.9214
KA1054,Shree Channakeshava Station,HPCL,Bellary,Karnataka,15.1394,76.9214
KA1055,Mohan Enterprises,IOCL,Bellary,Karnataka,15.1394,76.9214
KA1056,Bhramarambha Fuel Point,BPCL,Bellary,Karnataka,15.1394,76.9214
KL1057,Sakthi Fuels,IndianOil,Kannur,Kerala,11.8745,75.3704
KL1058,Pilathara Fuels,IndianOil,Kannur,Kerala,11.874,75.37
KL1059,S B Fuels,IndianOil,Kannur,Kerala,11.8735,75.3695
KL1060,Matha Fuels,IndianOil,Kannur,Kerala,11.873,75.369
KL1061,Servosonic Fuels,IndianOil,Kannur,Kerala,11.8725,75.3685
KL1062,BPCL Ambalamugal,BPCL,Ernakulam,Kerala,10.0,76.0
KL1063,Jewel Fuels,BPCL,Ernakulam,Kerala,9.9995,76.0005
KL1064,Valappil Enterprises,IndianOil,Ernakulam,Kerala,9.999,76.001
KL1065,BPCL M. S. Fuels,BPCL,Thiruvananthapuram,Kerala,8.5,76.9
KL1066,A.V.J. Fuels,BPCL,Thiruvananthapuram,Kerala,8.4995,76.9005
KL1067,Kumar Fuels,IndianOil,Kochi,Kerala,9.9815,76.281
KL1068,H PC Dealers,HPCL,Kochi,Kerala,9.9397,76.2676
KL1069,Kumar Pump Station,IndianOil,Kochi,Kerala,9.981,76.2805
KL1070,Ace Enterprises,IndianOil,Kochi,Kerala,9.9392,76.267
KL1071,SR Fuels,IndianOil,Kochi,Kerala,9.981,76.2815
KL1072,KTC Petrol Bunk,Bharat Petroleum,Kozhikode,Kerala,11.2588,75.7804
KL1073,Kutty Hassan Kutty,Bharat Petroleum,Kozhikode,Kerala,11.258,75.7795
KL1074,Laxmi Trading,IndianOil,Kozhikode,Kerala,11.2575,75.779
KL1075,BPCL Petrol Pump,BPCL,Kozhikode,Kerala,11.257,75.7785
KL1076,Reliance Petroleum,Reliance,Kozhikode,Kerala,11.2565,75.778
KL1077,BPCL Pananchery,BPCL,Thrissur,Kerala,10.5275,76.212
KL1078,BPCL Ollur Fuels,BPCL,Thrissur,Kerala,10.527,76.2115
KL1079,HPCL Thiruvilwamala,HPCL,Thrissur,Kerala,10.5265,76.211
KL1080,HPCL Kundannur,HPCL,Thrissur,Kerala,10.526,76.2105
KL1081,HPCL Kanippayyur,HPCL,Thrissur,Kerala,10.5255,76.21
KL1082,BPCL - M. S. Fuels,BPCL,Thiruvananthapuram,Kerala,8.5,76.9
KL1083,BPCL - A.V.J. Fuels,BPCL,Thiruvananthapuram,Kerala,8.4995,76.9005
KL1084,HPCL - Edava,HPCL,Thiruvananthapuram,Kerala,8.4985,76.901
KL1085,HPCL - Monivilasam,HPCL,Thiruvananthapuram,Kerala,8.4975,76.9015
KL1086,HPCL - Aryanad,HPCL,Thiruvananthapuram,Kerala,8.4965,76.902
KL1087,BPCL - Ambalamugal,BPCL,Ernakulam,Kerala,10.0,76.0
KL1088,BPCL - Jewel Fuels,BPCL,Ernakulam,Kerala,9.9995,76.0005
KL1089,IndianOil - Valappil,IndianOil,Ernakulam,Kerala,9.999,76.001
KL1090,HPCL - Kottiyam,HPCL,Kottayam,Kerala,9.981,76.271
KL1091,BPCL - Puthuppally,BPCL,Kottayam,Kerala,9.9805,76.2715
KL1092,IndianOil - Kanjirappally,IndianOil,Kottayam,Kerala,9.98,76.272
KL1093,HPCL - Kalady,HPCL,Kalady,Kerala,10.1673,76.6673
KL1094,BPCL - Perumbavoor,BPCL,Perumbavoor,Kerala,10.167,76.667
KL1095,HPCL - Aluva,HPCL,Aluva,Kerala,10.1675,76.6675
KL1096,BPCL - Angamaly,BPCL,Angamaly,Kerala,10.1678,76.6678
KL1097,Ashoka Service Station,IndianOil,Kannur,Kerala,11.8745,75.3704
KL1098,Swift Petroleum,IndianOil,Kannur,Kerala,11.875,75.3708
KL1099,Pavithra Fuels,HPCL,Kannur,Kerala,11.8755,75.3712
KL1100,Sri Subramaniya Fuels,HPCL,Kannur,Kerala,11.876,75.3716
KL1101,Malabar Produce Agency,HPCL,Kannur,Kerala,11.8765,75.372
KL1102,Reliance Petroleum,Reliance,Thrissur,Kerala,10.5275,76.212
KL1103,Four Star Agencies,Reliance,Thrissur,Kerala,10.528,76.2125
KL1104,Jio-BP,Jio-BP,Thrissur,Kerala,10.5285,76.213
KL1105,Durga Fuels,IndianOil,Thrissur,Kerala,10.529,76.2135
KL1106,Madhavam Fuels,IndianOil,Thrissur,Kerala,10.5295,76.214
KL1107,Krishna Pump Station,IndianOil,Thrissur,Kerala,10.53,76.2145
KL1108,Krishna Petrol Park,IndianOil,Thrissur,Kerala,10.5305,76.215
KL1109,Rapid Pump Station,IndianOil,Thrissur,Kerala,10.531,76.2155
KL1110,Shree Krishna Auto Fuels,IndianOil,Thrissur,Kerala,10.5315,76.216
KL1111,Freedom Petrol Pump,IndianOil,Thrissur,Kerala,10.532,76.2165
MP1112,Modern Petrol Pump,Indian Oil,Bhopal,Madhya Pradesh,23.2599,77.4126
MP1113,HPCL Fuel Station,HPCL,Bhopal,Madhya Pradesh,23.2585,77.41
MP1114,BPCL City Pump,BPCL,Bhopal,Madhya Pradesh,23.26,77.413
MP1115,Reliance Fuel Point,Reliance,Bhopal,Madhya Pradesh,23.261,77.414
MP1116,Shell Fuel Station,Shell,Bhopal,Madhya Pradesh,23.262,77.415
MP1117,Shivam Petrol Pump,Independent,Indore,Madhya Pradesh,22.7196,75.8577
MP1118,BPCL Indore Station,BPCL,Indore,Madhya Pradesh,22.72,75.858
MP1119,HPCL Indore Pump,HPCL,Indore,Madhya Pradesh,22.721,75.859
MP1120,Indian Oil Indore,Indian Oil,Indore,Madhya Pradesh,22.722,75.86
MP1121,Reliance Indore Pump,Reliance,Indore,Madhya Pradesh,22.723,75.861
MP1132,Captain Upadhyay Energy Station,Indian Oil,Gwalior,Madhya Pradesh,26.2183,78.1828
MP1133,Seth Ratilal Bechardas,Indian Oil,Gwalior,Madhya Pradesh,26.2185,78.1829
MP1134,BPCL Shreeji Fuels,BPCL,Gwalior,Madhya Pradesh,26.2187,78.183
MP1135,BPCL Raunak Fuels,BPCL,Gwalior,Madhya Pradesh,26.2189,78.1831
MP1136,BPCL Kesar Shanti Filling Station,BPCL,Gwalior,Madhya Pradesh,26.2191,78.1832
MP1137,BPCL Anil Brothers,BPCL,Jabalpur,Madhya Pradesh,23.1815,79.9551
MP1138,BPCL Singhai Automobiles,BPCL,Jabalpur,Madhya Pradesh,23.1817,79.9552
MP1139,BPCL Paul Chowdhury Brothers,BPCL,Jabalpur,Madhya Pradesh,23.1819,79.9553
MP1140,IOCL Swarup Automobiles,Indian Oil,Jabalpur,Madhya Pradesh,23.1821,79.9554
MP1141,IOCL Rajabali Sullemanji,Indian Oil,Jabalpur,Madhya Pradesh,23.1823,79.9555
MP1142,BPCL Govindram Hanumanprasad,BPCL,Ujjain,Madhya Pradesh,23.1825,75.7789
MP1143,BPCL Bharat Automobiles,BPCL,Ujjain,Madhya Pradesh,23.1827,75.779
MP1144,BPCL Nakoda Automobiles,BPCL,Ujjain,Madhya Pradesh,23.1829,75.7791
MP1145,BPCL Khushi Fuel Station,BPCL,Ujjain,Madhya Pradesh,23.1831,75.7792
MP1146,BPCL Prashant Filling Station,BPCL,Ujjain,Madhya Pradesh,23.1833,75.7793
MP1147,IOCL Dr Shree Ram Sahani & Sons,Indian Oil,Sagar,Madhya Pradesh,23.1825,78.7352
MP1148,IOCL Tomer Filling Station,Indian Oil,Sagar,Madhya Pradesh,23.1827,78.7353
MP1149,IOCL Bajaj Filling Station,Indian Oil,Sagar,Madhya Pradesh,23.1829,78.7354
MP1150,IOCL Chhaighariya Kisan Sewa Kendra,Indian Oil,Sagar,Madhya Pradesh,23.1831,78.7355
MP1151,IOCL Shuddh Filling Center,Indian Oil,Sagar,Madhya Pradesh,23.1833,78.7356
MP1152,IOCL Shree Ganesh Pump,Indian Oil,Rewa,Madhya Pradesh,24.5366,81.3031
MP1153,BPCL Rewa Fuel Station,BPCL,Rewa,Madhya Pradesh,24.5368,81.3032
MP1154,HPCL Rewa Pump,HPCL,Rewa,Madhya Pradesh,24.537,81.3033
MP1155,Reliance Rewa Filling,Reliance,Rewa,Madhya Pradesh,24.5372,81.3034
MP1156,Shyam Fuel Station,Independent,Rewa,Madhya Pradesh,24.5374,81.3035
MP1157,BPCL Satna City Pump,BPCL,Satna,Madhya Pradesh,24.6004,80.8327
MP1158,IOCL Satna Filling,Indian Oil,Satna,Madhya Pradesh,24.6006,80.8328
MP1159,HPCL Satna Pump,HPCL,Satna,Madhya Pradesh,24.6008,80.8329
MP1160,Reliance Satna Fuel,Reliance,Satna,Madhya Pradesh,24.601,80.833
MP1161,Shree Satna Petrol Pump,Independent,Satna,Madhya Pradesh,24.6012,80.8331
MP1162,BPCL Hoshangabad Pump,BPCL,Hoshangabad,Madhya Pradesh,22.7481,77.7334
MP1163,IOCL Hoshangabad Station,Indian Oil,Hoshangabad,Madhya Pradesh,22.7483,77.7335
MP1164,HPCL Hoshangabad Pump,HPCL,Hoshangabad,Madhya Pradesh,22.7485,77.7336
MP1165,Reliance Hoshangabad Fuel,Reliance,Hoshangabad,Madhya Pradesh,22.7487,77.7337
MP1166,Shree Ganesh Hoshangabad,Independent,Hoshangabad,Madhya Pradesh,22.7489,77.7338
MP1167,BPCL Guna Pump,BPCL,Guna,Madhya Pradesh,24.6488,77.3182
MP1168,IOCL Guna Fuel Station,Indian Oil,Guna,Madhya Pradesh,24.649,77.3183
MP1169,HPCL Guna Pump,HPCL,Guna,Madhya Pradesh,24.6492,77.3184
MP1170,Reliance Guna Fuel,Reliance,Guna,Madhya Pradesh,24.6494,77.3185
MP1171,Shree Ram Guna Station,Independent,Guna,Madhya Pradesh,24.6496,77.3186
MP1172,BPCL Satpura Pump,BPCL,Jabalpur,Madhya Pradesh,23.184,79.956
MP1173,IOCL Vindhya Fuel Station,Indian Oil,Jabalpur,Madhya Pradesh,23.1842,79.9562
MP1174,HPCL Central Pump,HPCL,Jabalpur,Madhya Pradesh,23.1844,79.9564
MP1175,Reliance Jabalpur Pump,Reliance,Jabalpur,Madhya Pradesh,23.1846,79.9566
MP1176,Shree Maruti Filling Station,Independent,Jabalpur,Madhya Pradesh,23.1848,79.9568
MP1177,BPCL Gwalior Central Pump,BPCL,Gwalior,Madhya Pradesh,26.219,78.184
MP1178,IOCL Gwalior Express Pump,Indian Oil,Gwalior,Madhya Pradesh,26.2192,78.1842
MP1179,HPCL Gwalior Pump,HPCL,Gwalior,Madhya Pradesh,26.2194,78.1844
MP1180,Reliance Gwalior Station,Reliance,Gwalior,Madhya Pradesh,26.2196,78.1846
MP1181,Shree Krishna Pump,Independent,Gwalior,Madhya Pradesh,26.2198,78.1848
MP1182,BPCL Ujjain City Pump,BPCL,Ujjain,Madhya Pradesh,23.1835,75.7795
MP1183,IOCL Ujjain Express Pump,Indian Oil,Ujjain,Madhya Pradesh,23.1837,75.7797
MP1184,HPCL Ujjain Pump,HPCL,Ujjain,Madhya Pradesh,23.1839,75.7799
MP1185,Reliance Ujjain Fuel,Reliance,Ujjain,Madhya Pradesh,23.1841,75.7801
MP1186,Shree Ram Ujjain Station,Independent,Ujjain,Madhya Pradesh,23.1843,75.7803
MP1187,BPCL Sagar Central Pump,BPCL,Sagar,Madhya Pradesh,23.1835,78.7358
MP1188,IOCL Sagar Express Pump,Indian Oil,Sagar,Madhya Pradesh,23.1837,78.736
MP1189,HPCL Sagar Pump,HPCL,Sagar,Madhya Pradesh,23.1839,78.7362
MP1190,Reliance Sagar Station,Reliance,Sagar,Madhya Pradesh,23.1841,78.7364
MP1191,Shree Maruti Sagar Pump,Independent,Sagar,Madhya Pradesh,23.1843,78.7366
HSRP1192,Shree Sai Fuel,IndianOil,Mumbai,Maharashtra,19.076,72.8777
HSRP1193,Royal Petrol,BP,Mumbai,Maharashtra,19.078,72.8785
HSRP1194,SpeedFuel,HP,Mumbai,Maharashtra,19.0745,72.879
HSRP1195,City Pump,Reliance,Mumbai,Maharashtra,19.0775,72.876
HSRP1196,Sunrise Petrol,IndianOil,Mumbai,Maharashtra,19.075,72.875
HSRP1197,Dadar Fuel Stop,HP,Pune,Maharashtra,18.5204,73.8567
HSRP1198,Shivaji Petrol,BharatPet,Pune,Maharashtra,18.521,73.8575
HSRP1199,Speedy Fuel,Reliance,Pune,Maharashtra,18.519,73.855
HSRP1200,Sai Krupa Pump,IndianOil,Pune,Maharashtra,18.5225,73.858
HSRP1201,Metro Fuel Hub,BP,Pune,Maharashtra,18.523,73.859
HSRP1202,Nagari Pump,HP,Nagpur,Maharashtra,21.1458,79.0882
HSRP1203,Ajni Fuel Stop,IndianOil,Nagpur,Maharashtra,21.1465,79.089
HSRP1204,Eastern Petrol,BharatPet,Nagpur,Maharashtra,21.147,79.0875
HSRP1205,Central Pump,Reliance,Nagpur,Maharashtra,21.145,79.086
HSRP1206,Sunrise Fuel,HP,Nagpur,Maharashtra,21.148,79.085
HSRP1207,Sahyadri Fuel,IndianOil,Nashik,Maharashtra,19.9975,73.7898
HSRP1208,Gateway Pump,BP,Nashik,Maharashtra,19.998,73.7905
HSRP1209,QuickFuel,Reliance,Nashik,Maharashtra,19.996,73.788
HSRP1210,Sai Fuel Stop,HP,Nashik,Maharashtra,19.997,73.787
HSRP1211,Royal Pump,BharatPet,Nashik,Maharashtra,19.995,73.786
HSRP1212,Kolhapur Fuel Hub,IndianOil,Kolhapur,Maharashtra,16.705,74.2433
HSRP1213,Mahalaxmi Petrol,BP,Kolhapur,Maharashtra,16.706,74.244
HSRP1214,City Fuel Stop,Reliance,Kolhapur,Maharashtra,16.704,74.242
HSRP1215,Shree Krupa Pump,HP,Kolhapur,Maharashtra,16.707,74.245
HSRP1216,Supreme Petrol,BharatPet,Kolhapur,Maharashtra,16.703,74.241
HSRP1217,Akola Fuel Stop,IndianOil,Akola,Maharashtra,20.704,77.005
HSRP1218,Shivaji Petrol,HP,Akola,Maharashtra,20.705,77.006
HSRP1219,City Pump Hub,BharatPet,Akola,Maharashtra,20.703,77.004
HSRP1220,Sunrise Fuel,Reliance,Akola,Maharashtra,20.706,77.007
HSRP1221,Metro Fuel Stop,IndianOil,Akola,Maharashtra,20.702,77.003
HSRP1222,Amravati Pump,HP,Amravati,Maharashtra,20.933,77.75
HSRP1223,Sai Fuel Hub,BharatPet,Amravati,Maharashtra,20.934,77.751
HSRP1224,City Fuel Stop,Reliance,Amravati,Maharashtra,20.932,77.749
HSRP1225,Akola Petrol,IndianOil,Amravati,Maharashtra,20.935,77.752
HSRP1226,Sunrise Pump,HP,Amravati,Maharashtra,20.931,77.748
HSRP1227,Latur Fuel Stop,BP,Latur,Maharashtra,18.408,76.569
HSRP1228,Sai Krupa Petrol,IndianOil,Latur,Maharashtra,18.409,76.57
HSRP1229,City Pump Hub,BharatPet,Latur,Maharashtra,18.407,76.568
HSRP1230,Sunrise Fuel,Reliance,Latur,Maharashtra,18.41,76.571
HSRP1231,Metro Petrol,HP,Latur,Maharashtra,18.406,76.567
HSRP1232,Nanded Fuel Hub,IndianOil,Nanded,Maharashtra,19.152,77.321
HSRP1233,Sai Petrol Stop,BP,Nanded,Maharashtra,19.153,77.322
HSRP1234,City Fuel Stop,HP,Nanded,Maharashtra,19.151,77.32
HSRP1235,Sunrise Fuel,Reliance,Nanded,Maharashtra,19.154,77.323
HSRP1236,Metro Petrol,BharatPet,Nanded,Maharashtra,19.15,77.319
HSRP1237,Jalgaon Fuel Hub,IndianOil,Jalgaon,Maharashtra,21.007,75.562
HSRP1238,Sai Krupa Pump,BP,Jalgaon,Maharashtra,21.008,75.563
HSRP1239,City Petrol Stop,Reliance,Jalgaon,Maharashtra,21.006,75.561
HSRP1240,Sunrise Fuel,HP,Jalgaon,Maharashtra,21.009,75.564
HSRP1241,Metro Fuel Hub,BharatPet,Jalgaon,Maharashtra,21.005,75.56
HSRP1242,Shree Sai Fuel,IndianOil,Thane,Maharashtra,19.2183,72.9781
HSRP1243,Metro Pump Hub,BP,Thane,Maharashtra,19.219,72.979
HSRP1244,City Fuel Stop,Reliance,Thane,Maharashtra,19.217,72.977
HSRP1245,Sunrise Petrol,HP,Thane,Maharashtra,19.22,72.98
HSRP1246,Royal Fuel Hub,BharatPet,Thane,Maharashtra,19.216,72.976
HSRP1247,Nashik Road Pump,IndianOil,Aurangabad,Maharashtra,19.8762,75.3433
HSRP1248,Sunrise Petrol,BP,Aurangabad,Maharashtra,19.877,75.344
HSRP1249,Metro Fuel Stop,Reliance,Aurangabad,Maharashtra,19.875,75.342
HSRP1250,Sai Krupa Pump,HP,Aurangabad,Maharashtra,19.878,75.345
HSRP1251,Royal Petrol Hub,BharatPet,Aurangabad,Maharashtra,19.874,75.341
HSRP1252,City Fuel Stop,IndianOil,Solapur,Maharashtra,17.6599,75.9064
HSRP1253,Sunrise Pump,BP,Solapur,Maharashtra,17.6605,75.907
HSRP1254,Metro Petrol Hub,Reliance,Solapur,Maharashtra,17.659,75.905
HSRP1255,Sai Fuel Stop,HP,Solapur,Maharashtra,17.661,75.908
HSRP1256,Royal Fuel Hub,BharatPet,Solapur,Maharashtra,17.658,75.904
HSRP1257,Kolhapur Pump,IndianOil,Satara,Maharashtra,17.68,73.995
HSRP1258,Sunrise Petrol,BP,Satara,Maharashtra,17.681,73.996
HSRP1259,Metro Fuel Stop,Reliance,Satara,Maharashtra,17.679,73.994
HSRP1260,Sai Krupa Pump,HP,Satara,Maharashtra,17.682,73.997
HSRP1261,Royal Petrol Hub,BharatPet,Satara,Maharashtra,17.678,73.993
HSRP1262,Amravati Fuel Hub,IndianOil,Chandrapur,Maharashtra,19.953,79.296
HSRP1263,Sunrise Petrol,BP,Chandrapur,Maharashtra,19.954,79.297
HSRP1264,Metro Fuel Stop,Reliance,Chandrapur,Maharashtra,19.952,79.295
HSRP1265,Sai Krupa Pump,HP,Chandrapur,Maharashtra,19.955,79.298
HSRP1266,Royal Petrol Hub,BharatPet,Chandrapur,Maharashtra,19.951,79.294
HSRP1267,Gadchiroli Pump,IndianOil,Gadchiroli,Maharashtra,20.11,80.02
HSRP1268,Sunrise Petrol,BP,Gadchiroli,Maharashtra,20.111,80.021
HSRP1269,Metro Fuel Stop,Reliance,Gadchiroli,Maharashtra,20.109,80.019
HSRP1270,Sai Krupa Pump,HP,Gadchiroli,Maharashtra,20.112,80.022
HSRP1271,Royal Petrol Hub,BharatPet,Gadchiroli,Maharashtra,20.108,80.018
HSRP1272,Beed Fuel Stop,IndianOil,Beed,Maharashtra,18.99,75.765
HSRP1273,Sunrise Petrol,BP,Beed,Maharashtra,18.991,75.766
HSRP1274,Metro Fuel Stop,Reliance,Beed,Maharashtra,18.989,75.764
HSRP1275,Sai Krupa Pump,HP,Beed,Maharashtra,18.992,75.767
HSRP1276,Royal Petrol Hub,BharatPet,Beed,Maharashtra,18.988,75.763
HSRP1277,Ahmednagar Pump,IndianOil,Ahmednagar,Maharashtra,19.096,74.754
HSRP1278,Sunrise Petrol,BP,Ahmednagar,Maharashtra,19.097,74.755
HSRP1279,Metro Fuel Stop,Reliance,Ahmednagar,Maharashtra,19.095,74.753
HSRP1280,Sai Krupa Pump,HP,Ahmednagar,Maharashtra,19.098,74.756
HSRP1281,Royal Petrol Hub,BharatPet,Ahmednagar,Maharashtra,19.094,74.752
HSRP1282,Shree Sai Fuel,IndianOil,Wardha,Maharashtra,20.745,78.604
HSRP1283,Metro Fuel Stop,BP,Wardha,Maharashtra,20.746,78.605
HSRP1284,City Fuel Hub,Reliance,Wardha,Maharashtra,20.744,78.603
HSRP1285,Sunrise Petrol,HP,Wardha,Maharashtra,20.747,78.606
HSRP1286,Royal Petrol Hub,BharatPet,Wardha,Maharashtra,20.743,78.602
HSRP1287,Shree Sai Fuel,IndianOil,Chandrapur,Maharashtra,19.953,79.296
HSRP1288,Sunrise Petrol,BP,Chandrapur,Maharashtra,19.954,79.297
HSRP1289,Metro Fuel Stop,Reliance,Chandrapur,Maharashtra,19.952,79.295
HSRP1290,Sai Krupa Pump,HP,Chandrapur,Maharashtra,19.955,79.298
HSRP1291,Royal Petrol Hub,BharatPet,Chandrapur,Maharashtra,19.951,79.294
HSRP1292,City Fuel Stop,IndianOil,Parbhani,Maharashtra,19.266,76.772
HSRP1293,Sunrise Petrol,BP,Parbhani,Maharashtra,19.267,76.773
HSRP1294,Metro Fuel Hub,Reliance,Parbhani,Maharashtra,19.265,76.771
HSRP1295,Sai Krupa Pump,HP,Parbhani,Maharashtra,19.268,76.774
HSRP1296,Royal Petrol Hub,BharatPet,Parbhani,Maharashtra,19.264,76.77
HSRP1297,Shree Sai Fuel,IndianOil,Jalna,Maharashtra,19.834,75.887
HSRP1298,Sunrise Petrol,BP,Jalna,Maharashtra,19.835,75.888
HSRP1299,Metro Fuel Stop,Reliance,Jalna,Maharashtra,19.833,75.886
HSRP1300,Sai Krupa Pump,HP,Jalna,Maharashtra,19.836,75.889
HSRP1301,Royal Petrol Hub,BharatPet,Jalna,Maharashtra,19.832,75.885
HSRP1302,City Fuel Stop,IndianOil,Sangli,Maharashtra,16.868,74.569
HSRP1303,Sunrise Petrol,BP,Sangli,Maharashtra,16.869,74.57
HSRP1304,Metro Fuel Hub,Reliance,Sangli,Maharashtra,16.867,74.568
HSRP1305,Sai Krupa Pump,HP,Sangli,Maharashtra,16.87,74.571
HSRP1306,Royal Petrol Hub,BharatPet,Sangli,Maharashtra,16.866,74.567
HSRP1307,Shree Sai Fuel,IndianOil,Ratnagiri,Maharashtra,16.99,73.312
HSRP1308,Sunrise Petrol,BP,Ratnagiri,Maharashtra,16.991,73.313
HSRP1309,Metro Fuel Stop,Reliance,Ratnagiri,Maharashtra,16.989,73.311
HSRP1310,Sai Krupa Pump,HP,Ratnagiri,Maharashtra,16.992,73.314
HSRP1311,Royal Petrol Hub,BharatPet,Ratnagiri,Maharashtra,16.988,73.31
HSRP1312,City Fuel Stop,IndianOil,Satara,Maharashtra,17.68,73.995
HSRP1313,Sunrise Petrol,BP,Satara,Maharashtra,17.681,73.996
HSRP1314,Metro Fuel Hub,Reliance,Satara,Maharashtra,17.679,73.994
HSRP1315,Sai Krupa Pump,HP,Satara,Maharashtra,17.682,73.997
HSRP1316,Royal Petrol Hub,BharatPet,Satara,Maharashtra,17.678,73.993
HSRP1317,Shree Sai Fuel,IndianOil,Gondia,Maharashtra,20.553,80.21
HSRP1318,Sunrise Petrol,BP,Gondia,Maharashtra,20.554,80.211
HSRP1319,Metro Fuel Stop,Reliance,Gondia,Maharashtra,20.552,80.209
HSRP1320,Sai Krupa Pump,HP,Gondia,Maharashtra,20.555,80.212
HSRP1321,Royal Petrol Hub,BharatPet,Gondia,Maharashtra,20.551,80.208
HSRP1322,City Fuel Stop,IndianOil,Hingoli,Maharashtra,19.714,77.148
HSRP1323,Sunrise Petrol,BP,Hingoli,Maharashtra,19.715,77.149
HSRP1324,Metro Fuel Hub,Reliance,Hingoli,Maharashtra,19.713,77.147
HSRP1325,Sai Krupa Pump,HP,Hingoli,Maharashtra,19.716,77.15
HSRP1326,Royal Petrol Hub,BharatPet,Hingoli,Maharashtra,19.712,77.146
HSRP1327,Shree Sai Fuel,IndianOil,Buldhana,Maharashtra,20.53,76.18
HSRP1328,Sunrise Petrol,BP,Buldhana,Maharashtra,20.531,76.181
MN1330,Imphal Fuel Stop,BharatPet,Imphal,Manipur,24.817,93.9368
MN1331,SpeedFuel Imphal,HP,Imphal,Manipur,24.819,93.94
MN1332,RapidPetrol Hub,IndianOil,Imphal,Manipur,24.82,93.938
MN1333,CityFuel Center,Reliance,Imphal,Manipur,24.8155,93.937
MN1334,PrimeFuel Imphal,BharatPet,Imphal,Manipur,24.816,93.935
MN1335,Thoubal Fuel Point,HP,Thoubal,Manipur,24.568,93.908
MN1336,RapidPetrol Thoubal,IndianOil,Thoubal,Manipur,24.569,93.905
MN1337,CityFuel Thoubal,BharatPet,Thoubal,Manipur,24.567,93.907
MN1338,SpeedFuel Thoubal,Reliance,Thoubal,Manipur,24.566,93.909
MN1339,PrimePump Thoubal,HP,Thoubal,Manipur,24.5655,93.906
MN1340,Churachandpur Fuel,IndianOil,Churachandpur,Manipur,23.352,93.686
MN1341,CityFuel Chura,BharatPet,Churachandpur,Manipur,23.35,93.685
MN1342,RapidPetrol Chura,Reliance,Churachandpur,Manipur,23.351,93.687
MN1343,ThadoFuel Hub,HP,Churachandpur,Manipur,23.353,93.688
MN1344,PrimeFuel Chura,IndianOil,Churachandpur,Manipur,23.354,93.689
MN1345,Kakching Fuel Stop,BharatPet,Kakching,Manipur,24.509,93.906
MN1346,RapidFuel Kakching,HP,Kakching,Manipur,24.51,93.905
MN1347,PrimePump Kakching,Reliance,Kakching,Manipur,24.511,93.907
MN1348,CityFuel Kakching,IndianOil,Kakching,Manipur,24.512,93.904
MN1349,SpeedFuel Kakching,BharatPet,Kakching,Manipur,24.508,93.908
MN1350,Bishnupur Fuel Hub,HP,Bishnupur,Manipur,24.612,93.9
MN1351,RapidPetrol Bishnu,IndianOil,Bishnupur,Manipur,24.613,93.901
MN1352,PrimeFuel Bishnu,BharatPet,Bishnupur,Manipur,24.614,93.902
MN1353,CityFuel Bishnu,Reliance,Bishnupur,Manipur,24.611,93.899
MN1354,SpeedFuel Bishnu,HP,Bishnupur,Manipur,24.615,93.903
MN1355,Senapati Fuel Stop,IndianOil,Senapati,Manipur,25.073,94.5
MN1356,PrimeFuel Senapati,BharatPet,Senapati,Manipur,25.074,94.501
MN1357,RapidFuel Senapati,HP,Senapati,Manipur,25.075,94.502
MN1358,CityFuel Senapati,Reliance,Senapati,Manipur,25.076,94.503
MN1359,SpeedFuel Senapati,IndianOil,Senapati,Manipur,25.077,94.504
MN1360,Ukhrul Fuel Stop,BharatPet,Ukhrul,Manipur,25.117,94.367
MN1361,RapidFuel Ukhrul,HP,Ukhrul,Manipur,25.118,94.368
MN1362,PrimePump Ukhrul,Reliance,Ukhrul,Manipur,25.119,94.369
MN1363,CityFuel Ukhrul,IndianOil,Ukhrul,Manipur,25.12,94.37
MN1364,SpeedFuel Ukhrul,BharatPet,Ukhrul,Manipur,25.121,94.371
MN1365,Tamenglong Fuel Hub,HP,Tamenglong,Manipur,24.865,93.98
MN1366,PrimeFuel Tameng,IndianOil,Tamenglong,Manipur,24.866,93.981
MN1367,RapidFuel Tameng,BharatPet,Tamenglong,Manipur,24.867,93.982
MN1368,CityFuel Tameng,Reliance,Tamenglong,Manipur,24.868,93.983
MN1369,SpeedFuel Tameng,HP,Tamenglong,Manipur,24.869,93.984
MN1370,Jiribam Fuel Stop,IndianOil,Jiribam,Manipur,24.576,93.008
MN1371,PrimePump Jiribam,BharatPet,Jiribam,Manipur,24.577,93.009
MN1372,RapidFuel Jiribam,HP,Jiribam,Manipur,24.578,93.01
MN1373,CityFuel Jiribam,Reliance,Jiribam,Manipur,24.579,93.011
MN1374,SpeedFuel Jiribam,IndianOil,Jiribam,Manipur,24.58,93.012
MN1375,Kangpokpi Fuel Hub,BharatPet,Kangpokpi,Manipur,24.705,93.875
MN1376,PrimeFuel Kangpokpi,HP,Kangpokpi,Manipur,24.706,93.876
MN1377,RapidFuel Kangpokpi,Reliance,Kangpokpi,Manipur,24.707,93.877
MN1378,CityFuel Kangpokpi,IndianOil,Kangpokpi,Manipur,24.708,93.878
MN1379,SpeedFuel Kangpokpi,BharatPet,Kangpokpi,Manipur,24.709,93.879
ML1380,Shillong Pump 1,HPCL,Shillong,Meghalaya,25.746132,88.710954
ML1381,Shillong Pump 2,Reliance,Shillong,Meghalaya,25.675664,87.275102
ML1382,Shillong Pump 3,HPCL,Shillong,Meghalaya,25.815502,88.567057
ML1383,Shillong Pump 4,BharatPetrol,Shillong,Meghalaya,25.932147,90.412457
ML1384,Shillong Pump 5,HPCL,Shillong,Meghalaya,25.117975,91.134844
ML1385,Tura Pump 1,IndianOil,Tura,Meghalaya,25.257481,87.414941
ML1386,Tura Pump 2,HPCL,Tura,Meghalaya,25.772042,86.954412
ML1387,Tura Pump 3,Essar,Tura,Meghalaya,25.362616,86.710777
ML1388,Tura Pump 4,HPCL,Tura,Meghalaya,26.14051,90.120827
ML1389,Tura Pump 5,BharatPetrol,Tura,Meghalaya,25.095118,87.686764
ML1390,Nongpoh Pump 1,Essar,Nongpoh,Meghalaya,25.400672,87.236071
ML1391,Nongpoh Pump 2,IndianOil,Nongpoh,Meghalaya,25.689079,87.052634
ML1392,Nongpoh Pump 3,IndianOil,Nongpoh,Meghalaya,25.652128,90.639899
ML1393,Nongpoh Pump 4,BharatPetrol,Nongpoh,Meghalaya,25.350232,87.383606
ML1394,Nongpoh Pump 5,BharatPetrol,Nongpoh,Meghalaya,25.225849,90.351764
ML1395,Nongstoin Pump 1,Reliance,Nongstoin,Meghalaya,25.157705,91.439201
ML1396,Nongstoin Pump 2,Reliance,Nongstoin,Meghalaya,26.143942,86.251379
ML1397,Nongstoin Pump 3,BharatPetrol,Nongstoin,Meghalaya,25.517221,88.465026
ML1398,Nongstoin Pump 4,IndianOil,Nongstoin,Meghalaya,26.138719,85.607854
ML1399,Nongstoin Pump 5,HPCL,Nongstoin,Meghalaya,25.270135,89.146092
ML1400,Jowai Pump 1,BharatPetrol,Jowai,Meghalaya,25.058764,90.467253
ML1401,Jowai Pump 2,Reliance,Jowai,Meghalaya,25.77862,85.882417
ML1402,Jowai Pump 3,Essar,Jowai,Meghalaya,26.107915,87.750465
ML1403,Jowai Pump 4,BharatPetrol,Jowai,Meghalaya,25.319693,87.792142
ML1404,Jowai Pump 5,IndianOil,Jowai,Meghalaya,25.445213,86.514804
ML1405,Williamnagar Pump 1,BharatPetrol,Williamnagar,Meghalaya,25.639113,87.345899
ML1406,Williamnagar Pump 2,BharatPetrol,Williamnagar,Meghalaya,25.488332,87.29995
ML1407,Williamnagar Pump 3,BharatPetrol,Williamnagar,Meghalaya,25.181846,90.52195
ML1408,Williamnagar Pump 4,IndianOil,Williamnagar,Meghalaya,25.621874,89.348404
ML1409,Williamnagar Pump 5,HPCL,Williamnagar,Meghalaya,25.438354,89.863089
ML1410,Baghmara Pump 1,IndianOil,Baghmara,Meghalaya,25.814394,90.796691
ML1411,Baghmara Pump 2,BharatPetrol,Baghmara,Meghalaya,25.077516,87.281353
ML1412,Baghmara Pump 3,Essar,Baghmara,Meghalaya,25.861693,86.67447
ML1413,Baghmara Pump 4,IndianOil,Baghmara,Meghalaya,25.886334,88.258687
ML1414,Baghmara Pump 5,IndianOil,Baghmara,Meghalaya,25.877482,91.119998
ML1415,Mairang Pump 1,IndianOil,Mairang,Meghalaya,25.406822,89.056999
ML1416,Mairang Pump 2,IndianOil,Mairang,Meghalaya,25.159323,88.383927
ML1417,Mairang Pump 3,Reliance,Mairang,Meghalaya,26.113942,85.994063
ML1418,Mairang Pump 4,BharatPetrol,Mairang,Meghalaya,26.171478,91.60551
ML1419,Mairang Pump 5,BharatPetrol,Mairang,Meghalaya,25.240115,89.389363
ML1420,Nongbah Pump 1,Reliance,Nongbah,Meghalaya,25.656185,89.983213
ML1421,Nongbah Pump 2,BharatPetrol,Nongbah,Meghalaya,25.248771,91.741628
ML1422,Nongbah Pump 3,Reliance,Nongbah,Meghalaya,25.929573,88.670327
ML1423,Nongbah Pump 4,BharatPetrol,Nongbah,Meghalaya,25.868034,89.363982
ML1424,Nongbah Pump 5,IndianOil,Nongbah,Meghalaya,25.311532,87.602504
ML1425,Nongjrong Pump 1,HPCL,Nongjrong,Meghalaya,25.198436,89.790628
ML1426,Nongjrong Pump 2,Reliance,Nongjrong,Meghalaya,25.673457,88.240992
ML1427,Nongjrong Pump 3,BharatPetrol,Nongjrong,Meghalaya,26.096602,87.115142
ML1428,Nongjrong Pump 4,Essar,Nongjrong,Meghalaya,25.488203,90.232888
ML1429,Nongjrong Pump 5,HPCL,Nongjrong,Meghalaya,26.175992,88.848833
ML1430,Nongkhlao Pump 1,Essar,Nongkhlao,Meghalaya,26.104459,89.029696
ML1431,Nongkhlao Pump 2,HPCL,Nongkhlao,Meghalaya,25.943182,85.983189
ML1432,Nongkhlao Pump 3,Reliance,Nongkhlao,Meghalaya,25.600684,90.798927
ML1433,Nongkhlao Pump 4,Reliance,Nongkhlao,Meghalaya,25.420954,89.527931
ML1434,Nongkhlao Pump 5,HPCL,Nongkhlao,Meghalaya,25.531983,87.554288
ML1435,Nongkhlaw Pump 1,Essar,Nongkhlaw,Meghalaya,25.311059,87.083317
ML1436,Nongkhlaw Pump 2,Essar,Nongkhlaw,Meghalaya,25.126082,86.536257
ML1437,Nongkhlaw Pump 3,Reliance,Nongkhlaw,Meghalaya,25.098063,89.332409
ML1438,Nongkhlaw Pump 4,IndianOil,Nongkhlaw,Meghalaya,26.140421,91.482925
ML1439,Nongkhlaw Pump 5,Essar,Nongkhlaw,Meghalaya,25.30112,86.548069
ML1440,Nongkrem Pump 1,Reliance,Nongkrem,Meghalaya,26.177341,89.722241
ML1441,Nongkrem Pump 2,HPCL,Nongkrem,Meghalaya,25.953341,90.541537
ML1442,Nongkrem Pump 3,IndianOil,Nongkrem,Meghalaya,26.048789,85.707797
ML1443,Nongkrem Pump 4,Essar,Nongkrem,Meghalaya,25.337476,88.52424
ML1444,Nongkrem Pump 5,Essar,Nongkrem,Meghalaya,25.628836,86.728126
ML1445,Nongkynshi Pump 1,IndianOil,Nongkynshi,Meghalaya,25.190025,89.372991
ML1446,Nongkynshi Pump 2,IndianOil,Nongkynshi,Meghalaya,25.124575,90.501017
ML1447,Nongkynshi Pump 3,BharatPetrol,Nongkynshi,Meghalaya,26.11963,91.225486
ML1448,Nongkynshi Pump 4,IndianOil,Nongkynshi,Meghalaya,25.423019,87.751583
ML1449,Nongkynshi Pump 5,IndianOil,Nongkynshi,Meghalaya,25.990149,91.323379
ML1450,Nongpur Pump 1,Reliance,Nongpur,Meghalaya,25.301833,90.689524
ML1451,Nongpur Pump 2,Essar,Nongpur,Meghalaya,25.947982,89.148578
ML1452,Nongpur Pump 3,Essar,Nongpur,Meghalaya,25.709957,90.969684
ML1453,Nongpur Pump 4,Reliance,Nongpur,Meghalaya,25.510936,86.371647
ML1454,Nongpur Pump 5,HPCL,Nongpur,Meghalaya,25.593409,87.976543
ML1455,Nongspung Pump 1,IndianOil,Nongspung,Meghalaya,25.003274,86.305476
ML1456,Nongspung Pump 2,Essar,Nongspung,Meghalaya,25.665067,85.663998
ML1457,Nongspung Pump 3,IndianOil,Nongspung,Meghalaya,25.052836,88.810215
ML1458,Nongspung Pump 4,Essar,Nongspung,Meghalaya,25.752235,87.647203
ML1459,Nongspung Pump 5,IndianOil,Nongspung,Meghalaya,25.136715,89.973146
ML1460,Nongwalhibra Pump 1,IndianOil,Nongwalhibra,Meghalaya,25.151677,86.179914
ML1461,Nongwalhibra Pump 2,BharatPetrol,Nongwalhibra,Meghalaya,25.220555,90.913245
ML1462,Nongwalhibra Pump 3,HPCL,Nongwalhibra,Meghalaya,25.772411,91.829201
ML1463,Nongwalhibra Pump 4,HPCL,Nongwalhibra,Meghalaya,25.581312,91.637744
ML1464,Nongwalhibra Pump 5,Essar,Nongwalhibra,Meghalaya,25.918311,88.428163
ML1465,Nongwalbibrā Pump 1,Reliance,Nongwalbibrā,Meghalaya,25.739441,91.760811
ML1466,Nongwalbibrā Pump 2,IndianOil,Nongwalbibrā,Meghalaya,25.680602,87.030504
ML1467,Nongwalbibrā Pump 3,Reliance,Nongwalbibrā,Meghalaya,25.246562,87.051394
ML1468,Nongwalbibrā Pump 4,BharatPetrol,Nongwalbibrā,Meghalaya,25.593465,90.683537
ML1469,Nongwalbibrā Pump 5,BharatPetrol,Nongwalbibrā,Meghalaya,25.894239,90.92297
ML1470,Nongwālbibrā Pump 1,Reliance,Nongwālbibrā,Meghalaya,26.012395,87.78015
ML1471,Nongwālbibrā Pump 2,BharatPetrol,Nongwālbibrā,Meghalaya,26.149278,87.408337
ML1472,Nongwālbibrā Pump 3,Reliance,Nongwālbibrā,Meghalaya,26.134138,88.331011
ML1473,Nongwālbibrā Pump 4,IndianOil,Nongwālbibrā,Meghalaya,25.194485,85.928797
ML1474,Nongwālbibrā Pump 5,IndianOil,Nongwālbibrā,Meghalaya,25.099104,87.185343
ML1475,Nongwālbibrā Pump 1,HPCL,Nongwālbibrā,Meghalaya,25.47861,87.001261
ML1476,Nongwālbibrā Pump 2,Essar,Nongwālbibrā,Meghalaya,26.099856,86.317205
ML1477,Nongwālbibrā Pump 3,Reliance,Nongwālbibrā,Meghalaya,25.024321,88.770067
ML1478,Nongwālbibrā Pump 4,Essar,Nongwālbibrā,Meghalaya,26.028022,90.832609
ML1479,Nongwālbibrā Pump 5,Essar,Nongwālbibrā,Meghalaya,26.055875,87.849219
ML1480,Nongwālbibrā Pump 1,BharatPetrol,Nongwālbibrā,Meghalaya,25.609828,88.455439
ML1481,Nongwālbibrā Pump 2,IndianOil,Nongwālbibrā,Meghalaya,25.871677,89.269007
ML1482,Nongwālbibrā Pump 3,BharatPetrol,Nongwālbibrā,Meghalaya,26.193668,85.674264
ML1483,Nongwālbibrā Pump 4,IndianOil,Nongwālbibrā,Meghalaya,25.294414,90.374496
ML1484,Nongwālbibrā Pump 5,BharatPetrol,Nongwālbibrā,Meghalaya,25.722755,91.099974
MZ1485,Aizawl Fuel Stop,HP,Aizawl,Mizoram,23.7271,92.7176
MZ1486,Zenith Petrol,BharatPet,Aizawl,Mizoram,23.728,92.718
MZ1487,GreenFuel Pump,IndianOil,Aizawl,Mizoram,23.7265,92.7165
MZ1488,QuickFuel Hub,HP,Aizawl,Mizoram,23.7278,92.717
MZ1489,CityFuel,BharatPet,Aizawl,Mizoram,23.7282,92.7183
MZ1490,Lunglei Petrol,IndianOil,Lunglei,Mizoram,22.892,92.7835
MZ1491,StarFuel Pump,HP,Lunglei,Mizoram,22.8932,92.7842
MZ1492,RapidFuel Stop,BharatPet,Lunglei,Mizoram,22.8915,92.7828
MZ1493,GreenPump Hub,IndianOil,Lunglei,Mizoram,22.8925,92.783
MZ1494,FuelEase,HP,Lunglei,Mizoram,22.893,92.784
MZ1495,Champhai Fuel,BharatPet,Champhai,Mizoram,23.3521,93.1785
MZ1496,QuickPump,IndianOil,Champhai,Mizoram,23.353,93.179
MZ1497,Zenith Fuel Stop,HP,Champhai,Mizoram,23.3515,93.1775
MZ1498,GreenFuel,BharatPet,Champhai,Mizoram,23.3525,93.178
MZ1499,CityPump Hub,IndianOil,Champhai,Mizoram,23.3532,93.1792
MZ1500,Lawngtlai Fuel,HP,Lawngtlai,Mizoram,22.4491,92.888
MZ1501,RapidFuel,BharatPet,Lawngtlai,Mizoram,22.45,92.889
MZ1502,GreenPump Stop,IndianOil,Lawngtlai,Mizoram,22.4485,92.8875
MZ1503,Zenith Fuel Hub,HP,Lawngtlai,Mizoram,22.4495,92.8885
MZ1504,CityFuel Plus,BharatPet,Lawngtlai,Mizoram,22.4502,92.8892
MZ1505,Mamit Fuel,IndianOil,Mamit,Mizoram,23.933,92.5365
MZ1506,QuickFuel Pump,HP,Mamit,Mizoram,23.934,92.537
MZ1507,GreenFuel Hub,BharatPet,Mamit,Mizoram,23.9325,92.536
MZ1508,Zenith Fuel Stop,IndianOil,Mamit,Mizoram,23.9335,92.5368
MZ1509,CityPump Plus,HP,Mamit,Mizoram,23.9342,92.5372
MZ1510,Kolasib Fuel,BharatPet,Kolasib,Mizoram,24.17,92.75
MZ1511,QuickPump Hub,HP,Kolasib,Mizoram,24.171,92.751
MZ1512,GreenFuel Stop,IndianOil,Kolasib,Mizoram,24.1695,92.7495
MZ1513,Zenith Fuel,BharatPet,Kolasib,Mizoram,24.1705,92.7505
MZ1514,CityFuel Hub,HP,Kolasib,Mizoram,24.1712,92.7512
MZ1515,Serchhip Fuel,IndianOil,Serchhip,Mizoram,23.283,92.833
MZ1516,QuickFuel Pump,HP,Serchhip,Mizoram,23.284,92.834
MZ1517,GreenPump Hub,BharatPet,Serchhip,Mizoram,23.2825,92.8325
MZ1518,Zenith Fuel Stop,IndianOil,Serchhip,Mizoram,23.2835,92.8335
MZ1519,CityFuel Plus,HP,Serchhip,Mizoram,23.2842,92.8342
MZ1520,Saiha Fuel,BharatPet,Saiha,Mizoram,22.35,92.733
MZ1521,QuickFuel Stop,IndianOil,Saiha,Mizoram,22.351,92.734
MZ1522,GreenPump Hub,HP,Saiha,Mizoram,22.3495,92.7325
MZ1523,Zenith Fuel Hub,BharatPet,Saiha,Mizoram,22.3505,92.7335
MZ1524,CityFuel Plus,IndianOil,Saiha,Mizoram,22.3512,92.7342
MZ1525,Khawzawl Fuel,HP,Khawzawl,Mizoram,23.081,93.02
MZ1526,QuickPump Stop,BharatPet,Khawzawl,Mizoram,23.082,93.021
MZ1527,GreenFuel Hub,IndianOil,Khawzawl,Mizoram,23.0805,93.0195
MZ1528,Zenith Fuel,HP,Khawzawl,Mizoram,23.0815,93.0205
MZ1529,CityFuel Plus,BharatPet,Khawzawl,Mizoram,23.0822,93.0212
MZ1530,Hnahthial Fuel,IndianOil,Hnahthial,Mizoram,23.0,92.95
MZ1531,QuickFuel Stop,HP,Hnahthial,Mizoram,23.001,92.951
MZ1532,GreenPump Hub,BharatPet,Hnahthial,Mizoram,22.9995,92.9495
MZ1533,Zenith Fuel Hub,IndianOil,Hnahthial,Mizoram,23.0005,92.9505
MZ1534,CityFuel Plus,HP,Hnahthial,Mizoram,23.0012,92.9512
MZ1535,Saitual Fuel,BharatPet,Saitual,Mizoram,23.1,92.95
MZ1536,QuickFuel Pump,IndianOil,Saitual,Mizoram,23.101,92.951
MZ1537,GreenPump Stop,HP,Saitual,Mizoram,23.0995,92.9495
MZ1538,Zenith Fuel Hub,BharatPet,Saitual,Mizoram,23.1005,92.9505
MZ1539,CityFuel Plus,IndianOil,Saitual,Mizoram,23.1012,92.9512
NL1540,Skyline Fuel Station,IndianOil,Dimapur,Nagaland,25.9108,93.725
NL1541,Diamond Petrol Pump,BPCL,Dimapur,Nagaland,25.912,93.724
NL1542,Star Fuel Hub,HPCL,Dimapur,Nagaland,25.9085,93.728
NL1543,Royal Fuel Station,IndianOil,Dimapur,Nagaland,25.9115,93.7265
NL1544,Apex Petrol Pump,Reliance,Dimapur,Nagaland,25.9095,93.7275
NL1545,Kohima Fuel Corner,BPCL,Kohima,Nagaland,25.6751,94.1086
NL1546,Highland Fuel Stop,IndianOil,Kohima,Nagaland,25.6735,94.11
NL1547,City Petrol Pump,HPCL,Kohima,Nagaland,25.674,94.109
NL1548,Victory Fuel Station,Reliance,Kohima,Nagaland,25.676,94.1075
NL1549,Horizon Petrol Stop,IndianOil,Kohima,Nagaland,25.6755,94.108
NL1550,Mokokchung Fuel Hub,BPCL,Mokokchung,Nagaland,26.32,94.521
NL1551,Pioneer Petrol Pump,IndianOil,Mokokchung,Nagaland,26.322,94.523
NL1552,Royal Fuel Corner,HPCL,Mokokchung,Nagaland,26.3215,94.5205
NL1553,Summit Fuel Station,Reliance,Mokokchung,Nagaland,26.319,94.522
NL1554,Apex Petrol Stop,IndianOil,Mokokchung,Nagaland,26.3205,94.5215
NL1555,Tuensang Fuel Hub,BPCL,Tuensang,Nagaland,26.06,94.823
NL1556,Victory Petrol Pump,IndianOil,Tuensang,Nagaland,26.0615,94.824
NL1557,Highland Fuel Station,HPCL,Tuensang,Nagaland,26.062,94.825
NL1558,Skyline Petrol Stop,Reliance,Tuensang,Nagaland,26.0605,94.8225
NL1559,Star Fuel Corner,IndianOil,Tuensang,Nagaland,26.061,94.8235
NL1560,Wokha Fuel Hub,BPCL,Wokha,Nagaland,26.107,94.307
NL1561,Pioneer Petrol Pump,IndianOil,Wokha,Nagaland,26.1085,94.3085
NL1562,City Fuel Station,HPCL,Wokha,Nagaland,26.1065,94.306
NL1563,Royal Fuel Stop,Reliance,Wokha,Nagaland,26.1075,94.3075
NL1564,Apex Petrol Hub,IndianOil,Wokha,Nagaland,26.108,94.308
NL1565,Mon Fuel Station,BPCL,Mon,Nagaland,25.54,94.1
NL1566,Skyline Petrol Pump,IndianOil,Mon,Nagaland,25.5415,94.1015
NL1567,Diamond Fuel Hub,HPCL,Mon,Nagaland,25.542,94.102
NL1568,Star Fuel Station,Reliance,Mon,Nagaland,25.5405,94.1005
NL1569,Royal Petrol Stop,IndianOil,Mon,Nagaland,25.541,94.101
NL1570,Longleng Fuel Hub,BPCL,Longleng,Nagaland,26.12,94.85
NL1571,Pioneer Petrol Pump,IndianOil,Longleng,Nagaland,26.1215,94.8515
NL1572,Skyline Fuel Station,HPCL,Longleng,Nagaland,26.122,94.852
NL1573,Victory Petrol Stop,Reliance,Longleng,Nagaland,26.1205,94.8505
NL1574,Apex Fuel Corner,IndianOil,Longleng,Nagaland,26.121,94.851
NL1575,Zunheboto Fuel Hub,BPCL,Zunheboto,Nagaland,26.05,94.53
NL1576,Royal Petrol Pump,IndianOil,Zunheboto,Nagaland,26.0515,94.5315
NL1577,Star Fuel Station,HPCL,Zunheboto,Nagaland,26.052,94.532
NL1578,Skyline Fuel Stop,Reliance,Zunheboto,Nagaland,26.0505,94.5305
NL1579,Apex Petrol Pump,IndianOil,Zunheboto,Nagaland,26.051,94.531
NL1580,Phek Fuel Hub,BPCL,Phek,Nagaland,25.67,94.28
NL1581,Pioneer Petrol Pump,IndianOil,Phek,Nagaland,25.6715,94.2815
NL1582,City Fuel Station,HPCL,Phek,Nagaland,25.672,94.282
NL1583,Royal Fuel Stop,Reliance,Phek,Nagaland,25.6705,94.2805
NL1584,Apex Petrol Hub,IndianOil,Phek,Nagaland,25.671,94.281
NL1585,Wokha Fuel Corner,BPCL,Wokha II,Nagaland,26.109,94.309
OD1586,Kalinga Fuels,IndianOil,Bhubaneswar,Odisha,20.2961,85.8245
OD1587,Capital Highway Pump,BharatPetro,Bhubaneswar,Odisha,20.3086,85.8207
OD1588,Utkal Service Station,HP,Bhubaneswar,Odisha,20.283,85.8435
OD1589,Saheed Nagar Pump,Reliance,Bhubaneswar,Odisha,20.2968,85.8466
OD1590,Jaydev Vihar Fuels,Essar,Bhubaneswar,Odisha,20.308,85.819
OD1591,Cuttack Ring Road Pump,IndianOil,Cuttack,Odisha,20.4625,85.8828
OD1592,Silver City Fuels,BharatPetro,Cuttack,Odisha,20.47,85.8799
OD1593,Kathajodi Service Station,HP,Cuttack,Odisha,20.4706,85.8837
OD1594,Choudhury Filling Centre,Reliance,Cuttack,Odisha,20.4652,85.8771
OD1595,CDA Petrol Point,Essar,Cuttack,Odisha,20.4681,85.8874
OD1596,Berhampur Main Pump,IndianOil,Berhampur,Odisha,19.3149,84.7941
OD1597,Gopalpur Road Fuels,BharatPetro,Berhampur,Odisha,19.3185,84.7912
OD1598,Khallikote Highway Pump,HP,Berhampur,Odisha,19.3102,84.799
OD1599,Jagannath Service Centre,Reliance,Berhampur,Odisha,19.3156,84.7975
OD1600,Ganjam Petrol Hub,Essar,Berhampur,Odisha,19.3171,84.7936
OD1601,Rourkela Steel City Pump,IndianOil,Rourkela,Odisha,22.2604,84.8536
OD1602,Panposh Road Fuels,BharatPetro,Rourkela,Odisha,22.26,84.85
OD1603,Vedvyas Service Station,HP,Rourkela,Odisha,22.2625,84.8547
OD1604,Chhend Colony Pump,Reliance,Rourkela,Odisha,22.265,84.857
OD1605,Rajgangpur Filling Point,Essar,Rourkela,Odisha,22.2633,84.8529
OD1606,Sambalpur Highway Pump,IndianOil,Sambalpur,Odisha,21.4669,83.9812
OD1607,Hirakud Road Fuels,BharatPetro,Sambalpur,Odisha,21.471,83.985
OD1608,Burla Service Station,HP,Sambalpur,Odisha,21.4723,83.9765
OD1609,Jharsuguda Highway Pump,Reliance,Sambalpur,Odisha,21.4789,83.9801
OD1610,Sambalpur Town Fuels,Essar,Sambalpur,Odisha,21.4732,83.979
PB1611,Golden Gate Fuel Station,IndianOil,Amritsar,Punjab,31.6352,74.8731
PB1612,Heritage Road Pumps,BPCL,Amritsar,Punjab,31.6328,74.8704
PB1613,Golden Temple Fuel Stop,HPCL,Amritsar,Punjab,31.6339,74.876
PB1614,City Centre Petrol,Reliance,Amritsar,Punjab,31.6365,74.8692
PB1615,Amritsar FastFuel,IndianOil,Amritsar,Punjab,31.6345,74.8718
PB1616,Ludhiana Express Pump,BPCL,Ludhiana,Punjab,30.9018,75.8579
PB1617,Ludhiana Shell Hub,Shell,Ludhiana,Punjab,30.8994,75.8555
PB1618,Industrial Road Fuel,HPCL,Ludhiana,Punjab,30.9029,75.8596
PB1619,Ludhiana QuickFuel,IndianOil,Ludhiana,Punjab,30.9007,75.8612
PB1620,Ludhiana Highway Pump,Reliance,Ludhiana,Punjab,30.9035,75.8538
PB1621,Jalandhar CrossRoads,IndianOil,Jalandhar,Punjab,31.3271,75.5769
PB1622,Jalandhar City Pump,BPCL,Jalandhar,Punjab,31.3244,75.5748
PB1623,Jalandhar North Pump,HPCL,Jalandhar,Punjab,31.3289,75.5798
PB1624,Jalandhar Express Stop,Reliance,Jalandhar,Punjab,31.3256,75.5735
PB1625,Jalandhar Motorway Pump,IndianOil,Jalandhar,Punjab,31.3268,75.5709
PB1626,Patiala Royal Pump,BPCL,Patiala,Punjab,30.3409,76.3876
PB1627,Patiala Central Fuel,IndianOil,Patiala,Punjab,30.3387,76.385
PB1628,Patiala Heritage Pump,HPCL,Patiala,Punjab,30.3416,76.3902
PB1629,Patiala Highway Stop,Reliance,Patiala,Punjab,30.3375,76.3841
PB1630,Patiala QuickFill,IndianOil,Patiala,Punjab,30.3399,76.389
PB1631,Bathinda Central Pump,IndianOil,Bathinda,Punjab,30.2124,74.9468
PB1632,Bathinda South Fuel,BPCL,Bathinda,Punjab,30.2091,74.944
PB1633,Bathinda Roadside Stop,HPCL,Bathinda,Punjab,30.2138,74.9491
PB1634,Bathinda ExpressPump,Reliance,Bathinda,Punjab,30.211,74.9426
PB1635,Bathinda Industrial Fuel,IndianOil,Bathinda,Punjab,30.2102,74.948
PB1636,Mohali Plaza Pump,BPCL,Mohali (SAS Nagar),Punjab,30.7058,76.7186
PB1637,Mohali Sector Fuel,IndianOil,Mohali (SAS Nagar),Punjab,30.7039,76.7163
PB1638,Mohali Highway Stop,HPCL,Mohali (SAS Nagar),Punjab,30.7069,76.7142
PB1639,Mohali GreenPump,Reliance,Mohali (SAS Nagar),Punjab,30.7041,76.7201
PB1640,Mohali FastLane,IndianOil,Mohali (SAS Nagar),Punjab,30.7027,76.717
PB1641,Hoshiarpur Central Pump,IndianOil,Hoshiarpur,Punjab,31.5338,75.9141
PB1642,Hoshiarpur MainRoad,BPCL,Hoshiarpur,Punjab,31.5312,75.9108
PB1643,Hoshiarpur Express,HPCL,Hoshiarpur,Punjab,31.5347,75.9135
PB1644,Hoshiarpur Town Pump,Reliance,Hoshiarpur,Punjab,31.532,75.9159
PB1645,Hoshiarpur RapidFill,IndianOil,Hoshiarpur,Punjab,31.5319,75.9122
PB1646,Sangrur Central Fuel,IndianOil,Sangrur,Punjab,30.2461,75.8437
PB1647,Sangrur Roadside Pump,BPCL,Sangrur,Punjab,30.2435,75.8408
PB1648,Sangrur ExpressStop,HPCL,Sangrur,Punjab,30.247,75.8449
PB1649,Sangrur Highway Pump,Reliance,Sangrur,Punjab,30.2448,75.8462
PB1650,Sangrur Market Pump,IndianOil,Sangrur,Punjab,30.2455,75.8424
PB1651,Gurdaspur City Pump,IndianOil,Gurdaspur,Punjab,32.0425,75.407
PB1652,Gurdaspur North Pump,BPCL,Gurdaspur,Punjab,32.0401,75.4043
PB1653,Gurdaspur Highway Stop,HPCL,Gurdaspur,Punjab,32.0433,75.4102
PB1654,Gurdaspur QuickFuel,Reliance,Gurdaspur,Punjab,32.041,75.4085
PB1655,Gurdaspur Central,IndianOil,Gurdaspur,Punjab,32.0421,75.4055
PB1656,Moga Town Pump,IndianOil,Moga,Punjab,30.8178,75.1719
PB1657,Moga Roadside,BPCL,Moga,Punjab,30.8154,75.1688
PB1658,Moga ExpressFuel,HPCL,Moga,Punjab,30.8186,75.1703
PB1659,Moga Central Pump,Reliance,Moga,Punjab,30.816,75.1734
PB1660,Moga Junction Pump,IndianOil,Moga,Punjab,30.8169,75.172
PB1661,Kapurthala Central Pump,IndianOil,Kapurthala,Punjab,31.3796,75.381
PB1662,Kapurthala City Fuel,BPCL,Kapurthala,Punjab,31.3771,75.3792
PB1663,Kapurthala Highway Stop,HPCL,Kapurthala,Punjab,31.381,75.3825
PB1664,Kapurthala ExpressFuel,Reliance,Kapurthala,Punjab,31.3802,75.3801
PB1665,Kapurthala Market Pump,IndianOil,Kapurthala,Punjab,31.3787,75.3833
PB1666,Fatehgarh Sahib Fuel Point,BPCL,Fatehgarh Sahib,Punjab,30.6471,76.3962
PB1667,Fatehgarh Sahib Main Pump,IndianOil,Fatehgarh Sahib,Punjab,30.645,76.394
PB1668,Fatehgarh Sahib Highway,HPCL,Fatehgarh Sahib,Punjab,30.6482,76.3975
PB1669,Fatehgarh Sahib Plaza,Reliance,Fatehgarh Sahib,Punjab,30.6465,76.3951
PB1670,Fatehgarh Sahib Town Pump,IndianOil,Fatehgarh Sahib,Punjab,30.6443,76.3934
PB1671,Ropar City Fuel,IndianOil,Rupnagar (Ropar),Punjab,30.9697,76.5274
PB1672,Ropar Central Pump,BPCL,Rupnagar (Ropar),Punjab,30.9675,76.5259
PB1673,Ropar Express Fuel,HPCL,Rupnagar (Ropar),Punjab,30.9704,76.5289
PB1674,Ropar Highway Stop,Reliance,Rupnagar (Ropar),Punjab,30.9682,76.5261
PB1675,Ropar Junction Pump,IndianOil,Rupnagar (Ropar),Punjab,30.9691,76.5278
PB1676,Faridkot Central Pump,BPCL,Faridkot,Punjab,30.6762,74.7559
PB1677,Faridkot Highway Fuel,IndianOil,Faridkot,Punjab,30.6735,74.7534
PB1678,Faridkot Express Stop,HPCL,Faridkot,Punjab,30.6758,74.757
PB1679,Faridkot Market Pump,Reliance,Faridkot,Punjab,30.6746,74.7548
PB1680,Faridkot RapidFuel,IndianOil,Faridkot,Punjab,30.6769,74.7563
PB1681,Barnala Town Pump,IndianOil,Barnala,Punjab,30.374,75.5479
PB1682,Barnala Main Pump,BPCL,Barnala,Punjab,30.3724,75.5458
PB1683,Barnala Highway Stop,HPCL,Barnala,Punjab,30.3738,75.5488
PB1684,Barnala Express Fuel,Reliance,Barnala,Punjab,30.3751,75.5466
PB1685,Barnala Market Pump,IndianOil,Barnala,Punjab,30.3732,75.5472
PB1686,Muktsar City Fuel,BPCL,Sri Muktsar Sahib,Punjab,30.4771,74.5162
PB1687,Muktsar Express Fuel,IndianOil,Sri Muktsar Sahib,Punjab,30.4748,74.514
PB1688,Muktsar Highway Pump,HPCL,Sri Muktsar Sahib,Punjab,30.4765,74.5177
PB1689,Muktsar Central Pump,Reliance,Sri Muktsar Sahib,Punjab,30.4752,74.5155
PB1690,Muktsar RapidFill,IndianOil,Sri Muktsar Sahib,Punjab,30.4778,74.5168
PB1691,Nawanshahr City Pump,IndianOil,SBS Nagar (Nawanshahr),Punjab,31.125,76.118
PB1692,Nawanshahr Market Pump,BPCL,SBS Nagar (Nawanshahr),Punjab,31.1225,76.1162
PB1693,Nawanshahr Express Fuel,HPCL,SBS Nagar (Nawanshahr),Punjab,31.1242,76.1193
PB1694,Nawanshahr Highway Pump,Reliance,SBS Nagar (Nawanshahr),Punjab,31.1231,76.1171
PB1695,Nawanshahr Plaza Pump,IndianOil,SBS Nagar (Nawanshahr),Punjab,31.1258,76.1187
PB1696,Pathankot Central Pump,IndianOil,Pathankot,Punjab,32.2749,75.6522
PB1697,Pathankot Express Fuel,BPCL,Pathankot,Punjab,32.2721,75.65
PB1698,Pathankot Junction Pump,HPCL,Pathankot,Punjab,32.2738,75.6534
PB1699,Pathankot Highway Stop,Reliance,Pathankot,Punjab,32.2755,75.651
PB1700,Pathankot Town Pump,IndianOil,Pathankot,Punjab,32.273,75.6528
PB1701,Mansa Town Pump,BPCL,Mansa,Punjab,29.9992,75.3937
PB1702,Mansa Main Pump,IndianOil,Mansa,Punjab,29.9968,75.3915
PB1703,Mansa Express Fuel,HPCL,Mansa,Punjab,29.998,75.3945
PB1704,Mansa Highway Stop,Reliance,Mansa,Punjab,29.9971,75.3923
PB1705,Mansa Central Pump,IndianOil,Mansa,Punjab,29.9999,75.3931
PB1706,Firozpur City Pump,IndianOil,Firozpur,Punjab,30.925,74.613
PB1707,Firozpur Market Pump,BPCL,Firozpur,Punjab,30.9228,74.6107
PB1708,Firozpur Highway Stop,HPCL,Firozpur,Punjab,30.9243,74.6142
PB1709,Firozpur Express Fuel,Reliance,Firozpur,Punjab,30.9261,74.6115
PB1710,Firozpur Central Fuel,IndianOil,Firozpur,Punjab,30.9235,74.6126
PB1711,Fazilka Town Pump,BPCL,Fazilka,Punjab,30.4061,74.0271
PB1712,Fazilka Central Fuel,IndianOil,Fazilka,Punjab,30.4038,74.0249
PB1713,Fazilka Highway Pump,HPCL,Fazilka,Punjab,30.405,74.028
PB1714,Fazilka Express Fuel,Reliance,Fazilka,Punjab,30.4041,74.0255
PB1715,Fazilka Market Pump,IndianOil,Fazilka,Punjab,30.4058,74.0267
PB1716,Malerkotla City Fuel,IndianOil,Malerkotla,Punjab,30.5275,75.8879
PB1717,Malerkotla Central Pump,BPCL,Malerkotla,Punjab,30.5252,75.8855
PB1718,Malerkotla Express Fuel,HPCL,Malerkotla,Punjab,30.5266,75.8887
PB1719,Malerkotla Highway Pump,Reliance,Malerkotla,Punjab,30.528,75.8863
PB1720,Malerkotla Town Pump,IndianOil,Malerkotla,Punjab,30.526,75.8871
PB1721,Tarn Taran Central Pump,BPCL,Tarn Taran,Punjab,31.4514,74.9277
PB1722,Tarn Taran City Fuel,IndianOil,Tarn Taran,Punjab,31.4489,74.9255
PB1723,Tarn Taran Highway Stop,HPCL,Tarn Taran,Punjab,31.4505,74.9289
PB1724,Tarn Taran Express Fuel,Reliance,Tarn Taran,Punjab,31.4493,74.9261
PB1725,Tarn Taran Town Pump,IndianOil,Tarn Taran,Punjab,31.4519,74.927
RJ1726,Palace Road Fuel Point,IndianOil,Jaipur,Rajasthan,26.915,75.7885
RJ1727,Amber Gate Station,Bharat Petroleum,Jaipur,Rajasthan,26.911,75.784
RJ1728,Sindhi Camp Pumps,HPCL,Jaipur,Rajasthan,26.909,75.792
RJ1729,Malviya Nagar Fuel Stop,Reliance,Jaipur,Rajasthan,26.8895,75.8012
RJ1730,Tonk Road Express,IndianOil,Jaipur,Rajasthan,26.9198,75.806
RJ1731,Sojati Gate Pump,IndianOil,Jodhpur,Rajasthan,26.238,73.0248
RJ1732,Sardarpura Fuel Hub,Bharat Petroleum,Jodhpur,Rajasthan,26.2415,73.023
RJ1733,Nandriya Pump,HPCL,Jodhpur,Rajasthan,26.235,73.0305
RJ1734,Ratanada Petrol Point,Reliance,Jodhpur,Rajasthan,26.249,73.0201
RJ1735,Chopasni Road Station,IndianOil,Jodhpur,Rajasthan,26.2502,73.035
RJ1736,Kota Bypass Pump,IndianOil,Kota,Rajasthan,25.2155,75.864
RJ1737,Gumanpura Fuel Centre,Bharat Petroleum,Kota,Rajasthan,25.21,75.8712
RJ1738,Commissariat Road Petrol,HPCL,Kota,Rajasthan,25.2178,75.8585
RJ1739,Bundi Road Pump,Reliance,Kota,Rajasthan,25.201,75.8609
RJ1740,Sangod Road Fuel Point,IndianOil,Kota,Rajasthan,25.223,75.882
RJ1741,Fateh Sagar Pump,Bharat Petroleum,Udaipur,Rajasthan,24.5865,73.7128
RJ1742,City Palace Fuel Stop,IndianOil,Udaipur,Rajasthan,24.5789,73.7075
RJ1743,Hiran Magri Petrol,HPCL,Udaipur,Rajasthan,24.588,73.7302
RJ1744,Udiapol Road Station,Reliance,Udaipur,Rajasthan,24.592,73.703
RJ1745,Ranakpur Highway Pump,IndianOil,Udaipur,Rajasthan,24.61,73.75
RJ1746,Ana Sagar Pump,Bharat Petroleum,Ajmer,Rajasthan,26.455,74.638
RJ1747,Adhai Din Ka Jhonpra Station,IndianOil,Ajmer,Rajasthan,26.4505,74.645
RJ1748,Beawar Road Fuel Point,HPCL,Ajmer,Rajasthan,26.442,74.6205
RJ1749,Kishangarh Bypass Pump,Reliance,Ajmer,Rajasthan,26.55,74.86
RJ1750,Nasirabad Road Petrol,IndianOil,Ajmer,Rajasthan,26.4301,74.6602
RJ1751,Station Road Pump,IndianOil,Bikaner,Rajasthan,28.0235,73.312
RJ1752,Shiv Bari Fuel Hub,Bharat Petroleum,Bikaner,Rajasthan,28.018,73.3055
RJ1753,Junagarh Circle Petrol,HPCL,Bikaner,Rajasthan,28.028,73.318
RJ1754,Napier Road Station,Reliance,Bikaner,Rajasthan,28.0155,73.3201
RJ1755,Deshnok Road Pump,IndianOil,Bikaner,Rajasthan,27.995,73.3
RJ1756,Alwar Bypass Pump,IndianOil,Alwar,Rajasthan,27.5532,76.626
RJ1757,Rajgarh Road Station,Bharat Petroleum,Alwar,Rajasthan,27.548,76.6205
RJ1758,Neelkanth Petrol Point,HPCL,Alwar,Rajasthan,27.559,76.632
RJ1759,Alwar Bus Stand Pump,Reliance,Alwar,Rajasthan,27.5555,76.619
RJ1760,Tijara Road Fuel Hub,IndianOil,Alwar,Rajasthan,27.51,76.67
RJ1761,Sikar Bypass Pump,Bharat Petroleum,Sikar,Rajasthan,27.6098,75.139
RJ1762,Nawalgarh Road Station,IndianOil,Sikar,Rajasthan,27.6,75.15
RJ1763,Sikar Bus Stand Fuel,HPCL,Sikar,Rajasthan,27.615,75.131
RJ1764,Laxmangarh Pump Point,Reliance,Sikar,Rajasthan,27.587,75.1452
RJ1765,Fatehpur Service Station,IndianOil,Sikar,Rajasthan,27.629,75.16
RJ1766,Bharatpur Road Pump,IndianOil,Bharatpur,Rajasthan,27.2165,77.4895
RJ1767,Keoladeo Gate Station,Bharat Petroleum,Bharatpur,Rajasthan,27.212,77.491
RJ1768,Bikaner Bypass Fuel Point,HPCL,Bharatpur,Rajasthan,27.225,77.48
RJ1769,Van Vihar Pump,Reliance,Bharatpur,Rajasthan,27.22,77.498
RJ1770,Bayana Road Petrol,IndianOil,Bharatpur,Rajasthan,27.18,77.42
RJ1771,Pali Road Fuel Point,IndianOil,Pali,Rajasthan,25.774,73.32
RJ1772,Marwar Junction Pump,Bharat Petroleum,Pali,Rajasthan,25.76,73.33
RJ1773,Sojat Road Station,HPCL,Pali,Rajasthan,25.7725,73.315
RJ1774,Raipur Road Petrol,Reliance,Pali,Rajasthan,25.773,73.335
RJ1775,Bali Road Fuel Hub,IndianOil,Pali,Rajasthan,25.7765,73.34
RJ1776,Jhunjhunu Bypass Fuel,IndianOil,Jhunjhunu,Rajasthan,28.128,75.399
RJ1777,Khetri Road Pump,Bharat Petroleum,Jhunjhunu,Rajasthan,28.12,75.41
RJ1778,Pilani Station Fuel,HPCL,Jhunjhunu,Rajasthan,28.36,75.61
RJ1779,Mandawa Road Petrol,Reliance,Jhunjhunu,Rajasthan,28.05,75.15
RJ1780,Nawalgarh Road Pump,IndianOil,Jhunjhunu,Rajasthan,27.85,75.27
RJ1781,Jaisalmer Fort Pump,IndianOil,Jaisalmer,Rajasthan,26.9155,70.91
RJ1782,Gadisar Lake Fuel,Bharat Petroleum,Jaisalmer,Rajasthan,26.915,70.922
RJ1783,Hanuman Circle Petrol,HPCL,Jaisalmer,Rajasthan,26.913,70.915
RJ1784,Ramdevra Road Pump,Reliance,Jaisalmer,Rajasthan,27.02,71.08
RJ1785,Pokhran Bypass Fuel,IndianOil,Jaisalmer,Rajasthan,26.92,71.22
RJ1786,Barmer Bypass Pump,Bharat Petroleum,Barmer,Rajasthan,25.752,71.389
RJ1787,Shiv Road Fuel,IndianOil,Barmer,Rajasthan,25.75,71.37
RJ1788,Chohtan Road Petrol,HPCL,Barmer,Rajasthan,25.78,71.4
RJ1789,Dhorimanna Pump,Reliance,Barmer,Rajasthan,25.6,71.42
RJ1790,Balotra Road Fuel,IndianOil,Barmer,Rajasthan,25.83,72.24
RJ1791,Nagaur Bypass Station,IndianOil,Nagaur,Rajasthan,27.2,73.73
RJ1792,Merta Road Pump,Bharat Petroleum,Nagaur,Rajasthan,26.65,74.03
RJ1793,Kuchaman Fuel Stop,HPCL,Nagaur,Rajasthan,27.15,74.95
RJ1794,Ladnun Road Petrol,Reliance,Nagaur,Rajasthan,27.64,74.38
RJ1795,Jayal Road Pump,IndianOil,Nagaur,Rajasthan,27.22,73.68
RJ1796,Tonk Kota Road Pump,IndianOil,Tonk,Rajasthan,26.15,75.79
RJ1797,Malpura Fuel Station,Bharat Petroleum,Tonk,Rajasthan,26.28,75.37
RJ1798,Niwai Petrol Pump,HPCL,Tonk,Rajasthan,26.36,75.92
RJ1799,Deoli Road Fuel,Reliance,Tonk,Rajasthan,25.75,75.38
RJ1800,Uniara Pump Point,IndianOil,Tonk,Rajasthan,25.88,75.22
RJ1801,Sawai Madhopur Pump,IndianOil,Sawai Madhopur,Rajasthan,26.02,76.36
RJ1802,Ranthambore Road Station,Bharat Petroleum,Sawai Madhopur,Rajasthan,26.01,76.34
RJ1803,Gangapur Fuel Hub,HPCL,Sawai Madhopur,Rajasthan,26.47,76.72
RJ1804,Khandar Road Pump,Reliance,Sawai Madhopur,Rajasthan,25.98,76.37
RJ1805,Chauth Ka Barwara Fuel,IndianOil,Sawai Madhopur,Rajasthan,25.94,76.3
RJ1806,Churu Bypass Pump,Bharat Petroleum,Churu,Rajasthan,28.3,74.95
RJ1807,Ratangarh Fuel Stop,IndianOil,Churu,Rajasthan,28.08,74.62
RJ1808,Taranagar Petrol,HPCL,Churu,Rajasthan,28.67,75.03
RJ1809,Sujangarh Fuel Point,Reliance,Churu,Rajasthan,28.15,74.46
RJ1810,Rajgarh Road Pump,IndianOil,Churu,Rajasthan,28.64,75.04
RJ1811,Dausa Bypass Pump,IndianOil,Dausa,Rajasthan,26.89,76.34
RJ1812,Lalsot Road Station,Bharat Petroleum,Dausa,Rajasthan,26.58,76.33
RJ1813,Bandikui Fuel,HPCL,Dausa,Rajasthan,27.05,76.56
RJ1814,Mahwa Petrol Point,Reliance,Dausa,Rajasthan,26.85,76.93
RJ1815,Sikandra Pump,IndianOil,Dausa,Rajasthan,26.93,76.74
RJ1816,Jhalawar Pump,IndianOil,Jhalawar,Rajasthan,24.6,76.16
RJ1817,Bhawani Mandi Station,Bharat Petroleum,Jhalawar,Rajasthan,24.43,75.83
RJ1818,Aklera Road Fuel,HPCL,Jhalawar,Rajasthan,24.42,76.57
RJ1819,Gangdhar Pump,Reliance,Jhalawar,Rajasthan,24.16,76.35
RJ1820,Pirawa Fuel Hub,IndianOil,Jhalawar,Rajasthan,24.37,76.28
RJ1821,Baran City Pump,IndianOil,Baran,Rajasthan,25.1,76.52
RJ1822,Anta Fuel Point,Bharat Petroleum,Baran,Rajasthan,25.15,76.3
RJ1823,Atru Road Station,HPCL,Baran,Rajasthan,25.18,76.55
RJ1824,Mangrol Pump,Reliance,Baran,Rajasthan,25.2,76.72
RJ1825,Kishanganj Petrol,IndianOil,Baran,Rajasthan,24.98,76.76
SK1826,Gangtok Fuel Point,IndianOil,Gangtok,Sikkim,27.3314,88.6138
SK1827,MG Marg Petrol Hub,BharatPetro,Gangtok,Sikkim,27.3279,88.6122
SK1828,Deorali Service,HP,Gangtok,Sikkim,27.3166,88.6045
SK1829,Ranipool Energy,IndianOil,Gangtok,Sikkim,27.3076,88.601
SK1830,Tadong Pump,Reliance,Gangtok,Sikkim,27.3145,88.6101
SK1831,Namchi Highway Fuel,BharatPetro,Namchi,Sikkim,27.1656,88.3652
SK1832,Central Namchi Pump,IndianOil,Namchi,Sikkim,27.1632,88.3638
SK1833,South Sikkim Service,HP,Namchi,Sikkim,27.1614,88.368
SK1834,Namchi Valley Fuel,Reliance,Namchi,Sikkim,27.159,88.3705
SK1835,Manpur Side Pump,IndianOil,Namchi,Sikkim,27.1702,88.362
SK1836,Gyalshing Town Fuel,IndianOil,Gyalshing,Sikkim,27.2906,88.2575
SK1837,West Sikkim Pump,HP,Gyalshing,Sikkim,27.295,88.2589
SK1838,Rabdentse Fuel Point,BharatPetro,Gyalshing,Sikkim,27.3022,88.251
SK1839,Central Gyalshing Hub,Reliance,Gyalshing,Sikkim,27.2891,88.26
SK1840,Pelling Side Pump,IndianOil,Gyalshing,Sikkim,27.3082,88.2455
SK1841,Mangan Fuel Center,BharatPetro,Mangan,Sikkim,27.5174,88.594
SK1842,North Sikkim Pump,IndianOil,Mangan,Sikkim,27.5201,88.5962
SK1843,Dzongu Valley Fuel,HP,Mangan,Sikkim,27.5305,88.6021
SK1844,Chungthang Service,Reliance,Mangan,Sikkim,27.6172,88.6365
SK1845,Kabi Fuel Point,IndianOil,Mangan,Sikkim,27.588,88.61
SK1846,Pakyong Central Pump,BharatPetro,Pakyong,Sikkim,27.1821,88.59
SK1847,Pakyong Highway Fuel,HP,Pakyong,Sikkim,27.1839,88.5945
SK1848,Rorathang Fuel Point,IndianOil,Pakyong,Sikkim,27.1955,88.6032
SK1849,Pakyong Market Pump,Reliance,Pakyong,Sikkim,27.1866,88.5975
SK1850,East Sikkim Energy,IndianOil,Pakyong,Sikkim,27.18,88.588
SK1851,Soreng Highway Fuel,BharatPetro,Soreng,Sikkim,27.2001,88.2012
SK1852,Central Soreng Pump,IndianOil,Soreng,Sikkim,27.2019,88.1999
SK1853,Soreng Bazaar Fuel,HP,Soreng,Sikkim,27.205,88.205
SK1854,West Soreng Service,Reliance,Soreng,Sikkim,27.1988,88.2032
SK1855,Soreng Valley Pump,IndianOil,Soreng,Sikkim,27.207,88.2075
TN1866,Marina Road Fuel Stop,IndianOil,Chennai,Tamil Nadu,13.08321,80.27112
TN1867,Lighthouse Petrol Point,HPCL,Chennai,Tamil Nadu,13.07985,80.26843
TN1868,Anna Nagar Fuel Hub,Bharat Petroleum,Chennai,Tamil Nadu,13.0629,80.2107
TN1869,Velachery Rapid Pump,Reliance,Chennai,Tamil Nadu,13.02344,80.2129
TN1870,T-Nagar Express Fill,Nayara,Chennai,Tamil Nadu,13.0415,80.2432
TN1871,Racecourse Road Station,IndianOil,Coimbatore,Tamil Nadu,11.0192,76.9575
TN1872,Avinashi Road Petrol,HPCL,Coimbatore,Tamil Nadu,11.0048,76.9702
TN1873,Gandhipuram Fuel Corner,Bharat Petroleum,Coimbatore,Tamil Nadu,11.0151,76.954
TN1874,Peelamedu QuickFill,Reliance,Coimbatore,Tamil Nadu,11.0236,76.9783
TN1875,Ukkadam Road Pump,Essar,Coimbatore,Tamil Nadu,11.0109,76.9418
TN1876,Madurai East Pump,IndianOil,Madurai,Tamil Nadu,9.9282,78.1209
TN1877,Periyar Salai Station,Bharat Petroleum,Madurai,Tamil Nadu,9.9258,78.1103
TN1878,Anna Salai Fuel Plaza,HPCL,Madurai,Tamil Nadu,9.9154,78.125
TN1879,Simmakkal Petrol Hub,Nayara,Madurai,Tamil Nadu,9.9321,78.1157
TN1880,Mattuthavani Express Pump,Reliance,Madurai,Tamil Nadu,9.949,78.1153
TN1881,Trichy Central Pump,IndianOil,Tiruchirappalli,Tamil Nadu,10.7928,78.7059
TN1882,Srirangam Road Fuel,Bharat Petroleum,Tiruchirappalli,Tamil Nadu,10.8332,78.6975
TN1883,Thillai Nagar Petrol,HPCL,Tiruchirappalli,Tamil Nadu,10.7881,78.704
TN1884,Golden Rock Filling,Nayara,Tiruchirappalli,Tamil Nadu,10.7589,78.6953
TN1885,Cantonment Road Pump,Reliance,Tiruchirappalli,Tamil Nadu,10.7864,78.7082
TN1886,Salem ByePass Pump 1,IndianOil,Salem,Tamil Nadu,11.667,78.1485
TN1887,Ganapathy Road Filling,Bharat Petroleum,Salem,Tamil Nadu,11.6542,78.1409
TN1888,Omalur Road Fuel Stop,HPCL,Salem,Tamil Nadu,11.6765,78.1603
TN1889,New Fairlands Pump,Reliance,Salem,Tamil Nadu,11.6608,78.1436
TN1890,Junction Road Petrol,Nayara,Salem,Tamil Nadu,11.6699,78.1527
TN1891,Tirunelveli Main Pump,IndianOil,Tirunelveli,Tamil Nadu,8.7152,77.7563
TN1892,Palayamkottai Fuel Hub,Bharat Petroleum,Tirunelveli,Tamil Nadu,8.7268,77.7469
TN1893,Tharuvaiyaru Road Pump,HPCL,Tirunelveli,Tamil Nadu,8.7089,77.7612
TN1894,Nanguneri Bypass Station,Reliance,Tirunelveli,Tamil Nadu,8.6986,77.7578
TN1895,Sankaran Koil Fuel Stop,Essar,Tirunelveli,Tamil Nadu,8.7301,77.7504
TN1896,Erode Central Pump,IndianOil,Erode,Tamil Nadu,11.3425,77.7198
TN1897,Bhavani Road Station,Bharat Petroleum,Erode,Tamil Nadu,11.3361,77.7109
TN1898,Perundurai Highway Pump,HPCL,Erode,Tamil Nadu,11.3567,77.7392
TN1899,Brough Road Fuel Point,Reliance,Erode,Tamil Nadu,11.3479,77.7211
TN1900,Sathy Road Filling,Nayara,Erode,Tamil Nadu,11.3294,77.7095
TN1901,Vellore Fort Pump,IndianOil,Vellore,Tamil Nadu,12.9171,79.1309
TN1902,Katpadi Road Station,Bharat Petroleum,Vellore,Tamil Nadu,12.9454,79.1462
TN1903,Arcot Road Fuel Hub,HPCL,Vellore,Tamil Nadu,12.914,79.1397
TN1904,New Vellore Bypass Pump,Reliance,Vellore,Tamil Nadu,12.9005,79.1283
TN1905,Gudiyatham Road Pump,Nayara,Vellore,Tamil Nadu,12.9052,79.1456
TN1906,Tuticorin Port Pump,IndianOil,Thoothukudi,Tamil Nadu,8.7659,78.1357
TN1907,Beach Road Filling,Bharat Petroleum,Thoothukudi,Tamil Nadu,8.7601,78.1322
TN1908,Srivaikuntam Road Pump,HPCL,Thoothukudi,Tamil Nadu,8.7543,78.1409
TN1909,Ettayapuram Highway Station,Reliance,Thoothukudi,Tamil Nadu,8.7732,78.1294
TN1910,Kovilpatti Bypass Pump,Nayara,Thoothukudi,Tamil Nadu,8.7824,78.1185
TN1911,Dindigul Main Road Pump,IndianOil,Dindigul,Tamil Nadu,10.3691,77.9785
TN1912,Palani Road Fuel Stop,Bharat Petroleum,Dindigul,Tamil Nadu,10.3578,77.9812
TN1913,Vellakovil Highway Station,HPCL,Dindigul,Tamil Nadu,10.3759,77.9906
TN1914,TN Road Filling Point,Reliance,Dindigul,Tamil Nadu,10.3632,77.9764
TN1915,Busstand Corner Pump,Nayara,Dindigul,Tamil Nadu,10.3684,77.9699
TN1916,Thanjavur Palace Pump,IndianOil,Thanjavur,Tamil Nadu,10.787,79.1378
TN1917,Big Temple Fuel Hub,Bharat Petroleum,Thanjavur,Tamil Nadu,10.7862,79.132
TN1918,Medical College Pump,HPCL,Thanjavur,Tamil Nadu,10.7933,79.1444
TN1919,Vallam Road Station,Reliance,Thanjavur,Tamil Nadu,10.7811,79.1235
TN1920,New Bus Stand Pump,Nayara,Thanjavur,Tamil Nadu,10.7908,79.1356
TN1921,Kancheepuram Temple Pump,IndianOil,Kancheepuram,Tamil Nadu,12.8342,79.7
TN1922,Gandhi Road Fuel Hub,Bharat Petroleum,Kancheepuram,Tamil Nadu,12.842,79.7011
TN1923,Varadaraja Nagar Pump,HPCL,Kancheepuram,Tamil Nadu,12.8378,79.7082
TN1924,Ennaikaran Road Station,Reliance,Kancheepuram,Tamil Nadu,12.8409,79.6967
TN1925,Palar Bridge Petrol,Nayara,Kancheepuram,Tamil Nadu,12.8295,79.6922
TN1926,Karur Main Pump,IndianOil,Karur,Tamil Nadu,10.96,78.08
TN1927,Gandhigram Fuel Stop,Bharat Petroleum,Karur,Tamil Nadu,10.9652,78.0831
TN1928,Thanthonimalai Pump,HPCL,Karur,Tamil Nadu,10.9725,78.092
TN1929,Karur Bypass Station,Reliance,Karur,Tamil Nadu,10.9587,78.0754
TN1930,Jawahar Road Pump,Nayara,Karur,Tamil Nadu,10.9631,78.079
TN1931,Kumbakonam Central Pump,IndianOil,Kumbakonam,Tamil Nadu,10.959,79.376
TN1932,Mahamaham Tank Pump,Bharat Petroleum,Kumbakonam,Tamil Nadu,10.9612,79.3785
TN1933,Valayapettai Road Pump,HPCL,Kumbakonam,Tamil Nadu,10.9634,79.3718
TN1934,Tanjore Road Filling,Reliance,Kumbakonam,Tamil Nadu,10.9527,79.3699
TN1935,New Bus Stand Pump,Nayara,Kumbakonam,Tamil Nadu,10.9563,79.3742
TN1936,Cuddalore Port Pump,IndianOil,Cuddalore,Tamil Nadu,11.746,79.7694
TN1937,Silver Beach Petrol,Bharat Petroleum,Cuddalore,Tamil Nadu,11.7435,79.772
TN1938,Thirupapuliyur Station,HPCL,Cuddalore,Tamil Nadu,11.7501,79.765
TN1939,Manjakuppam Pump,Reliance,Cuddalore,Tamil Nadu,11.748,79.7605
TN1940,Nellikuppam Road Pump,Nayara,Cuddalore,Tamil Nadu,11.7456,79.7678
TN1941,Sivakasi Fireworks Pump,IndianOil,Sivakasi,Tamil Nadu,9.4542,77.7979
TN1942,Virudhunagar Road Pump,Bharat Petroleum,Sivakasi,Tamil Nadu,9.4487,77.7932
TN1943,New Town Station,HPCL,Sivakasi,Tamil Nadu,9.4525,77.8021
TN1944,Paraipatti Pump,Reliance,Sivakasi,Tamil Nadu,9.4508,77.7909
TN1945,Sattur Road Fuel,Nayara,Sivakasi,Tamil Nadu,9.456,77.795
TN1946,Nagercoil Junction Pump,IndianOil,Nagercoil,Tamil Nadu,8.1782,77.432
TN1947,Courtallam Road Fuel,Bharat Petroleum,Nagercoil,Tamil Nadu,8.174,77.4276
TN1948,Suchindram Station,HPCL,Nagercoil,Tamil Nadu,8.1768,77.4362
TN1949,Marthandam Road Pump,Reliance,Nagercoil,Tamil Nadu,8.1711,77.4298
TN1950,Vadasery Bypass Fuel,Nayara,Nagercoil,Tamil Nadu,8.1802,77.4315
TN1951,Ambur Highway Pump,IndianOil,Ambur,Tamil Nadu,12.7918,78.7165
TN1952,Bazaar Street Pump,Bharat Petroleum,Ambur,Tamil Nadu,12.7893,78.7212
TN1953,Pallikonda Road Fuel,HPCL,Ambur,Tamil Nadu,12.7951,78.719
TN1954,New Bus Stand Pump,Reliance,Ambur,Tamil Nadu,12.7885,78.7177
TN1955,Katpadi Highway Station,Nayara,Ambur,Tamil Nadu,12.7926,78.7228
TN1956,Neyveli Thermal Pump,IndianOil,Neyveli,Tamil Nadu,11.6091,79.5008
TN1957,Block-20 Fuel Hub,Bharat Petroleum,Neyveli,Tamil Nadu,11.6135,79.4952
TN1958,Township Central Pump,HPCL,Neyveli,Tamil Nadu,11.6067,79.4979
TN1959,Panruti Road Station,Reliance,Neyveli,Tamil Nadu,11.6022,79.493
TN1960,Mandarakuppam Pump,Nayara,Neyveli,Tamil Nadu,11.611,79.4987
TN1961,Rajapalayam Central Pump,IndianOil,Rajapalayam,Tamil Nadu,9.454,77.5551
TN1962,Mudukudi Road Fuel,Bharat Petroleum,Rajapalayam,Tamil Nadu,9.4592,77.56
TN1963,Tenkasi Road Pump,HPCL,Rajapalayam,Tamil Nadu,9.4568,77.5537
TN1964,Railway Road Filling,Reliance,Rajapalayam,Tamil Nadu,9.4517,77.5573
TN1965,Old Bus Stand Pump,Nayara,Rajapalayam,Tamil Nadu,9.4536,77.559
TS1966,Hyderabad Central Fuel Station,IndianOil,Hyderabad,Telangana,17.385,78.4867
TS1967,Banjara Hills Pump,BPCL,Hyderabad,Telangana,17.4239,78.458
TS1968,Secunderabad Express Fuel,HPCL,Hyderabad,Telangana,17.4399,78.4983
TS1969,Kukatpally Reliance Pump,Reliance,Hyderabad,Telangana,17.4435,78.391
TS1970,Mehdipatnam Essar Station,Essar,Hyderabad,Telangana,17.3845,78.4419
TS1971,Warangal Main Road Fuel,IndianOil,Warangal,Telangana,17.9689,79.5941
TS1972,Hanamkonda BP Pump,BPCL,Warangal,Telangana,17.9903,79.5941
TS1973,Kazipet HPCL Station,HPCL,Warangal,Telangana,17.9811,79.6005
TS1974,Warangal Reliance Stop,Reliance,Warangal,Telangana,17.9735,79.5888
TS1975,Warangal North Fuel,Essar,Warangal,Telangana,17.975,79.61
TS1976,Karimnagar City Pump,IndianOil,Karimnagar,Telangana,18.4383,79.1286
TS1977,Karimnagar Bypass BP,BPCL,Karimnagar,Telangana,18.444,79.14
TS1978,Karimnagar HP Centre,HPCL,Karimnagar,Telangana,18.43,79.125
TS1979,Karimnagar Reliance Pump,Reliance,Karimnagar,Telangana,18.4335,79.1322
TS1980,Karimnagar East Essar,Essar,Karimnagar,Telangana,18.436,79.12
TS1981,Khammam Town Fuel,IndianOil,Khammam,Telangana,17.2473,80.15
TS1982,Khammam BP Junction,BPCL,Khammam,Telangana,17.2478,80.149
TS1983,Khammam HP Roadside,HPCL,Khammam,Telangana,17.25,80.16
TS1984,Khammam Reliance Stop,Reliance,Khammam,Telangana,17.243,80.148
TS1985,Khammam West Essar,Essar,Khammam,Telangana,17.2455,80.1405
TS1986,Nizamabad Central Pump,IndianOil,Nizamabad,Telangana,18.6724,78.0948
TS1987,Nizamabad BP Main,BPCL,Nizamabad,Telangana,18.673,78.1
TS1988,Nizamabad HPCL Stop,HPCL,Nizamabad,Telangana,18.67,78.092
TS1989,Nizamabad Reliance Plaza,Reliance,Nizamabad,Telangana,18.675,78.088
TS1990,Nizamabad East Essar,Essar,Nizamabad,Telangana,18.6685,78.0965
TS1991,Ramagundam Highway Pump,IndianOil,Ramagundam,Telangana,18.8081,79.4464
TS1992,Ramagundam BP Station,BPCL,Ramagundam,Telangana,18.806,79.452
TS1993,Ramagundam HPCL Depot,HPCL,Ramagundam,Telangana,18.81,79.445
TS1994,Ramagundam Reliance Hub,Reliance,Ramagundam,Telangana,18.8055,79.4485
TS1995,Ramagundam South Essar,Essar,Ramagundam,Telangana,18.803,79.44
TS1996,Mahbubnagar Central Pump,IndianOil,Mahbubnagar,Telangana,16.7427,77.986
TS1997,Mahbubnagar BP Plaza,BPCL,Mahbubnagar,Telangana,16.745,77.989
TS1998,Mahbubnagar HP Outpost,HPCL,Mahbubnagar,Telangana,16.74,77.985
TS1999,Mahbubnagar Reliance Stop,Reliance,Mahbubnagar,Telangana,16.7435,77.9922
TS2000,Mahbubnagar West Essar,Essar,Mahbubnagar,Telangana,16.746,77.98
TS2001,Nalgonda City Pump,IndianOil,Nalgonda,Telangana,17.0568,79.2678
TS2002,Nalgonda BP Bypass,BPCL,Nalgonda,Telangana,17.059,79.27
TS2003,Nalgonda HPCL Stand,HPCL,Nalgonda,Telangana,17.06,79.265
TS2004,Nalgonda Reliance Corner,Reliance,Nalgonda,Telangana,17.055,79.2685
TS2005,Nalgonda East Essar,Essar,Nalgonda,Telangana,17.0535,79.263
TS2006,Adilabad Town Pump,IndianOil,Adilabad,Telangana,19.6525,78.5339
TS2007,Adilabad BP Main,BPCL,Adilabad,Telangana,19.65,78.535
TS2008,Adilabad HPCL Centre,HPCL,Adilabad,Telangana,19.655,78.53
TS2009,Adilabad Reliance Pump,Reliance,Adilabad,Telangana,19.6535,78.538
TS2010,Adilabad West Essar,Essar,Adilabad,Telangana,19.651,78.5405
TS2011,Miryalaguda Central Pump,IndianOil,Miryalaguda,Telangana,16.864,79.588
TS2012,Miryalaguda BP Stand,BPCL,Miryalaguda,Telangana,16.863,79.59
TS2013,Miryalaguda HPCL Hub,HPCL,Miryalaguda,Telangana,16.862,79.585
TS2014,Miryalaguda Reliance Way,Reliance,Miryalaguda,Telangana,16.8655,79.593
TS2015,Miryalaguda East Essar,Essar,Miryalaguda,Telangana,16.8605,79.5875
TS2016,Suryapet Town Pump,IndianOil,Suryapet,Telangana,17.1367,79.6154
TS2017,Suryapet BP Bypass,BPCL,Suryapet,Telangana,17.14,79.62
TS2018,Suryapet HPCL Gate,HPCL,Suryapet,Telangana,17.1385,79.612
TS2019,Suryapet Reliance Corner,Reliance,Suryapet,Telangana,17.133,79.61
TS2020,Suryapet West Essar,Essar,Suryapet,Telangana,17.137,79.618
TS2021,Jagtial Central Pump,IndianOil,Jagtial,Telangana,18.7951,78.9182
TS2022,Jagtial BP Station,BPCL,Jagtial,Telangana,18.798,78.92
TS2023,Jagtial HPCL Stand,HPCL,Jagtial,Telangana,18.7965,78.915
TS2024,Jagtial Reliance Stop,Reliance,Jagtial,Telangana,18.793,78.919
TS2025,Jagtial East Essar,Essar,Jagtial,Telangana,18.794,78.922
TS2026,Mancherial Town Pump,IndianOil,Mancherial,Telangana,18.8764,79.4588
TS2027,Mancherial BP Bypass,BPCL,Mancherial,Telangana,18.87,79.462
TS2028,Mancherial HPCL Hub,HPCL,Mancherial,Telangana,18.875,79.455
TS2029,Mancherial Reliance Plaza,Reliance,Mancherial,Telangana,18.879,79.4595
TS2030,Mancherial South Essar,Essar,Mancherial,Telangana,18.8725,79.452
TR2031,Agartala Fuel Hub,IOCL,Agartala,Tripura,23.8315,91.2868
TR2032,Capital Petrol Point,BPCL,Agartala,Tripura,23.832,91.2875
TR2033,Metro Fuel Center,HPCL,Agartala,Tripura,23.8302,91.2851
TR2034,GreenWay Pumps,Reliance,Agartala,Tripura,23.8341,91.29
TR2035,Central Road Fuel,IOCL,Agartala,Tripura,23.829,91.2833
TR2036,Udaipur Cross Pump,BPCL,Udaipur,Tripura,23.517,91.451
TR2037,Lakeview Fuel Stop,IOCL,Udaipur,Tripura,23.5145,91.4498
TR2038,Gomati Pump House,HPCL,Udaipur,Tripura,23.5192,91.4533
TR2039,Udaipur Express Fuel,Reliance,Udaipur,Tripura,23.5161,91.447
TR2040,Tranquil Fuel Point,StateFuel,Udaipur,Tripura,23.5128,91.4556
TR2041,Kailasahar Main Pump,IOCL,Kailasahar,Tripura,24.358,92.0025
TR2042,Northern Fuel Depot,BPCL,Kailasahar,Tripura,24.3571,92.005
TR2043,Kailasahar QuickFill,HPCL,Kailasahar,Tripura,24.3544,92.0003
TR2044,Townside Fuel Hub,Reliance,Kailasahar,Tripura,24.3592,92.0039
TR2045,Market Road Pump,IOCL,Kailasahar,Tripura,24.355,92.0018
TR2046,Dharmanagar Central,IOCL,Dharmanagar,Tripura,24.0219,92.0066
TR2047,Dharmanagar Fuel Plaza,BPCL,Dharmanagar,Tripura,24.0198,92.0079
TR2048,Northgate Fuel Stop,HPCL,Dharmanagar,Tripura,24.0235,92.0042
TR2049,Dharmanagar Express,Reliance,Dharmanagar,Tripura,24.0206,92.0091
TR2050,Riverbank Pump,StateFuel,Dharmanagar,Tripura,24.018,92.0055
TR2051,Belonia Crossroads,IOCL,Belonia,Tripura,23.3562,91.471
TR2052,Belonia Town Pump,BPCL,Belonia,Tripura,23.355,91.4692
TR2053,Coastal Fuel Point,HPCL,Belonia,Tripura,23.3578,91.4751
TR2054,Borderline Fuel Hub,Reliance,Belonia,Tripura,23.3541,91.4724
TR2055,Belonia FastFill,IOCL,Belonia,Tripura,23.3537,91.468
TR2056,Ambassa Central Pump,IOCL,Ambassa,Tripura,24.0169,91.7833
TR2057,Ambassa Fuel Station,BPCL,Ambassa,Tripura,24.0185,91.7801
TR2058,Ambassa Quick Stop,HPCL,Ambassa,Tripura,24.0152,91.785
TR2059,Ambassa Plains Fuel,Reliance,Ambassa,Tripura,24.0178,91.7872
TR2060,Market Pump Ambassa,StateFuel,Ambassa,Tripura,24.014,91.7815
TR2061,Sonamura Highway Pump,IOCL,Sonamura,Tripura,23.38,91.449
TR2062,Sonamura Town Pump,BPCL,Sonamura,Tripura,23.3775,91.4505
TR2063,BorderFuel Sonamura,HPCL,Sonamura,Tripura,23.3748,91.4481
TR2064,Sonamura FastFill,Reliance,Sonamura,Tripura,23.379,91.4522
TR2065,Riverside Pump,IOCL,Sonamura,Tripura,23.3752,91.4463
TR2066,Khowai Main Pump,IOCL,Khowai,Tripura,24.0,91.929
TR2067,Khowai Fuel Point,BPCL,Khowai,Tripura,23.9985,91.9312
TR2068,Khowai QuickFill,HPCL,Khowai,Tripura,24.0012,91.9278
TR2069,Khowai Market Pump,Reliance,Khowai,Tripura,24.0028,91.9305
TR2070,Khowai Roadside Pump,StateFuel,Khowai,Tripura,23.9991,91.9287
TR2071,Sabroom River Pump,IOCL,Sabroom,Tripura,22.994,92.084
TR2072,Sabroom Town Fuel,BPCL,Sabroom,Tripura,22.9955,92.0865
TR2073,Sabroom Express,HPCL,Sabroom,Tripura,22.9932,92.0812
TR2074,Sabroom FastFill,Reliance,Sabroom,Tripura,22.992,92.0858
TR2075,Southern Gate Pump,StateFuel,Sabroom,Tripura,22.9959,92.0831
UP2076,Shree Fuel Station,IndianOil,Lucknow,Uttar Pradesh,26.8467,80.9462
UP2077,Speed Petrol Pump,HP,Lucknow,Uttar Pradesh,26.847,80.947
UP2078,City Fuel Hub,BPCL,Lucknow,Uttar Pradesh,26.848,80.945
UP2079,Royal Fuel Stop,Reliance,Lucknow,Uttar Pradesh,26.845,80.944
UP2080,Green Petrol Pump,IndianOil,Lucknow,Uttar Pradesh,26.849,80.948
UP2081,Metro Fuel Station,HP,Kanpur,Uttar Pradesh,26.4499,80.3319
UP2082,Power Fuel Hub,BPCL,Kanpur,Uttar Pradesh,26.4505,80.3325
UP2083,Reliance Fuel Stop,Reliance,Kanpur,Uttar Pradesh,26.448,80.33
UP2084,Shree Shakti Pump,IndianOil,Kanpur,Uttar Pradesh,26.451,80.334
UP2085,City Petrol Point,HP,Kanpur,Uttar Pradesh,26.452,80.335
UP2086,Agra Fuel Hub,BPCL,Agra,Uttar Pradesh,27.1767,78.0081
UP2087,Taj Petrol Pump,IndianOil,Agra,Uttar Pradesh,27.177,78.009
UP2088,Royal Fuel Station,HP,Agra,Uttar Pradesh,27.178,78.01
UP2089,Fast Fuel Stop,Reliance,Agra,Uttar Pradesh,27.175,78.007
UP2090,City Petrol Hub,BPCL,Agra,Uttar Pradesh,27.179,78.011
UP2091,Prayag Fuel Stop,IndianOil,Prayagraj,Uttar Pradesh,25.4358,81.8463
UP2092,Sangam Petrol Pump,HP,Prayagraj,Uttar Pradesh,25.4365,81.847
UP2093,River Fuel Hub,BPCL,Prayagraj,Uttar Pradesh,25.437,81.848
UP2094,City Petrol Stop,Reliance,Prayagraj,Uttar Pradesh,25.434,81.845
UP2095,Shree Petrol Pump,IndianOil,Prayagraj,Uttar Pradesh,25.438,81.849
UP2096,Ghaziabad Fuel Hub,HP,Ghaziabad,Uttar Pradesh,28.6692,77.4538
UP2097,City Petrol Station,BPCL,Ghaziabad,Uttar Pradesh,28.67,77.454
UP2098,Reliance Fuel Stop,Reliance,Ghaziabad,Uttar Pradesh,28.671,77.455
UP2099,Green Petrol Pump,IndianOil,Ghaziabad,Uttar Pradesh,28.672,77.456
UP2100,Metro Fuel Station,HP,Ghaziabad,Uttar Pradesh,28.673,77.457
UP2101,Varanasi Fuel Hub,BPCL,Varanasi,Uttar Pradesh,25.3176,82.9739
UP2102,Ganga Petrol Pump,IndianOil,Varanasi,Uttar Pradesh,25.318,82.974
UP2103,City Fuel Station,HP,Varanasi,Uttar Pradesh,25.319,82.975
UP2104,Royal Petrol Pump,Reliance,Varanasi,Uttar Pradesh,25.316,82.972
UP2105,Metro Fuel Stop,BPCL,Varanasi,Uttar Pradesh,25.32,82.976
UP2106,Aligarh Fuel Stop,IndianOil,Aligarh,Uttar Pradesh,27.8974,78.088
UP2107,City Petrol Hub,HP,Aligarh,Uttar Pradesh,27.898,78.089
UP2108,Reliance Fuel Pump,Reliance,Aligarh,Uttar Pradesh,27.899,78.09
UP2109,Green Fuel Station,BPCL,Aligarh,Uttar Pradesh,27.896,78.087
UP2110,Metro Petrol Stop,IndianOil,Aligarh,Uttar Pradesh,27.9,78.091
UP2111,Moradabad Fuel Hub,HP,Moradabad,Uttar Pradesh,28.8416,78.756
UP2112,City Fuel Pump,BPCL,Moradabad,Uttar Pradesh,28.842,78.757
UP2113,Reliance Fuel Stop,Reliance,Moradabad,Uttar Pradesh,28.843,78.758
UP2114,Green Petrol Pump,IndianOil,Moradabad,Uttar Pradesh,28.84,78.755
UP2115,Metro Fuel Station,HP,Moradabad,Uttar Pradesh,28.844,78.759
UP2116,Meerut Fuel Hub,BPCL,Meerut,Uttar Pradesh,28.9845,77.7064
UP2117,City Petrol Pump,IndianOil,Meerut,Uttar Pradesh,28.985,77.707
UP2118,Reliance Fuel Stop,Reliance,Meerut,Uttar Pradesh,28.986,77.708
UP2119,Green Fuel Station,HP,Meerut,Uttar Pradesh,28.983,77.705
UP2120,Metro Fuel Station,BPCL,Meerut,Uttar Pradesh,28.987,77.709
UP2121,Bareilly Fuel Hub,IndianOil,Bareilly,Uttar Pradesh,28.367,79.4304
UP2122,City Petrol Pump,HP,Bareilly,Uttar Pradesh,28.368,79.431
UP2123,Reliance Fuel Stop,Reliance,Bareilly,Uttar Pradesh,28.369,79.432
UP2124,Green Petrol Pump,BPCL,Bareilly,Uttar Pradesh,28.366,79.429
UP2125,Metro Fuel Station,IndianOil,Bareilly,Uttar Pradesh,28.37,79.433
UP2126,Saharanpur Fuel Hub,BPCL,Saharanpur,Uttar Pradesh,29.967,77.55
UP2127,City Petrol Pump,IndianOil,Saharanpur,Uttar Pradesh,29.968,77.551
UP2128,Reliance Fuel Stop,Reliance,Saharanpur,Uttar Pradesh,29.969,77.552
UP2129,Green Petrol Pump,HP,Saharanpur,Uttar Pradesh,29.966,77.549
UP2130,Metro Fuel Station,BPCL,Saharanpur,Uttar Pradesh,29.97,77.553
UP2131,Jhansi Fuel Hub,IndianOil,Jhansi,Uttar Pradesh,25.448,78.568
UP2132,City Petrol Pump,HP,Jhansi,Uttar Pradesh,25.449,78.569
UP2133,Reliance Fuel Stop,Reliance,Jhansi,Uttar Pradesh,25.45,78.57
UP2134,Green Petrol Pump,BPCL,Jhansi,Uttar Pradesh,25.447,78.567
UP2135,Metro Fuel Station,IndianOil,Jhansi,Uttar Pradesh,25.451,78.571
UP2136,Lucknow Petrol Stop,HP,Kanpur,Uttar Pradesh,26.449,80.332
UK2137,Summit Fuel Stop,IndianOil,Dehradun,Uttarakhand,30.3165,78.0322
UK2138,QuickFuel,BharatPetrol,Dehradun,Uttarakhand,30.318,78.029
UK2139,City Petrol Pump,HPCL,Dehradun,Uttarakhand,30.315,78.0305
UK2140,GreenWay Fuel,IndianOil,Dehradun,Uttarakhand,30.317,78.033
UK2141,RapidFuel Hub,BharatPetrol,Dehradun,Uttarakhand,30.319,78.031
UK2142,Mountain Fuel,HPCL,Haridwar,Uttarakhand,29.9457,78.1642
UK2143,RiverSide Pump,IndianOil,Haridwar,Uttarakhand,29.9465,78.165
UK2144,Sunrise Petrol,BharatPetrol,Haridwar,Uttarakhand,29.944,78.163
UK2145,EcoFuel Station,HPCL,Haridwar,Uttarakhand,29.9475,78.166
UK2146,HighWay Fuel Hub,IndianOil,Haridwar,Uttarakhand,29.948,78.167
UK2147,Valley Petrol Pump,BharatPetrol,Nainital,Uttarakhand,29.3919,79.4542
UK2148,LakeView Fuel,HPCL,Nainital,Uttarakhand,29.3925,79.455
UK2149,Alpine Fuel Stop,IndianOil,Nainital,Uttarakhand,29.393,79.456
UK2150,HillTop Fuel,BharatPetrol,Nainital,Uttarakhand,29.394,79.457
UK2151,PineTree Petrol,HPCL,Nainital,Uttarakhand,29.395,79.458
UK2152,Sunrise Fuel Stop,IndianOil,Rishikesh,Uttarakhand,30.0869,78.2676
UK2153,Holy River Petrol,BharatPetrol,Rishikesh,Uttarakhand,30.088,78.269
UK2154,YogaFuel Hub,HPCL,Rishikesh,Uttarakhand,30.0875,78.268
UK2155,Ganga Petrol Pump,IndianOil,Rishikesh,Uttarakhand,30.089,78.27
UK2156,Shanti Fuel Stop,BharatPetrol,Rishikesh,Uttarakhand,30.09,78.271
UK2157,HillTop Fuel Hub,HPCL,Almora,Uttarakhand,29.597,79.664
UK2158,Mountain Petrol,IndianOil,Almora,Uttarakhand,29.598,79.665
UK2159,Pine Valley Fuel,BharatPetrol,Almora,Uttarakhand,29.599,79.666
UK2160,SkyHigh Fuel Stop,HPCL,Almora,Uttarakhand,29.6,79.667
UK2161,Sunrise Petrol,IndianOil,Almora,Uttarakhand,29.601,79.668
UK2162,LakeView Fuel Hub,BharatPetrol,Haldwani,Uttarakhand,29.218,79.512
UK2163,Valley Petrol Stop,HPCL,Haldwani,Uttarakhand,29.219,79.513
UK2164,GreenFuel Station,IndianOil,Haldwani,Uttarakhand,29.22,79.514
UK2165,EcoFuel Pump,BharatPetrol,Haldwani,Uttarakhand,29.221,79.515
UK2166,RapidFuel Stop,HPCL,Haldwani,Uttarakhand,29.222,79.516
WB2167,SpeedFuel Station,IndianOil,Kolkata,West Bengal,22.5726,88.3639
WB2168,CityFuel Hub,HP,Kolkata,West Bengal,22.5731,88.3642
WB2169,RapidFuel Stop,BharatPetro,Kolkata,West Bengal,22.574,88.3647
WB2170,MetroFuel,IndianOil,Kolkata,West Bengal,22.5718,88.3625
UB2171,Sunrise Petrol,HP,Kolkata,West Bengal,22.5752,88.365
UB2172,EastEnd Fuel,BharatPetro,Howrah,West Bengal,22.5958,88.2636
UB2173,Howrah Fuel Point,IndianOil,Howrah,West Bengal,22.5965,88.264
UB2174,Riverside Pump,HP,Howrah,West Bengal,22.597,88.2652
UB2175,BayFuel Station,BharatPetro,Howrah,West Bengal,22.594,88.266
UB2176,Gateway Petrol,IndianOil,Howrah,West Bengal,22.593,88.267
UB2177,Durgapur Fuel Hub,HP,Durgapur,West Bengal,23.5204,87.3119
UB2178,SteelCity Fuel,IndianOil,Durgapur,West Bengal,23.521,87.3125
UB2179,MetroPump Durgapur,BharatPetro,Durgapur,West Bengal,23.522,87.313
UB2180,BrightFuel,HP,Durgapur,West Bengal,23.523,87.314
UB2181,CityLine Fuel,IndianOil,Durgapur,West Bengal,23.524,87.315
UB2182,Siliguri Petrol,BharatPetro,Siliguri,West Bengal,26.7271,88.3953
UB2183,NorthTown Fuel,HP,Siliguri,West Bengal,26.728,88.396
UB2184,TeaCity Pump,IndianOil,Siliguri,West Bengal,26.729,88.397
UB2185,Sunrise Siliguri,BharatPetro,Siliguri,West Bengal,26.73,88.398
UB2186,GreenFuel Siliguri,HP,Siliguri,West Bengal,26.731,88.399
UB2187,Bardhaman Pump,IndianOil,Bardhaman,West Bengal,23.2327,87.8617
UB2188,CentralFuel Bard,HP,Bardhaman,West Bengal,23.2335,87.862
UB2189,MetroBardhaman,BharatPetro,Bardhaman,West Bengal,23.234,87.863
UB2190,EastBardhaman,IndianOil,Bardhaman,West Bengal,23.235,87.864
UB2191,Bardhaman Quick,HP,Bardhaman,West Bengal,23.236,87.865
UB2192,NorthFuel Station,IndianOil,Asansol,West Bengal,23.684,86.981
UB2193,CityPump Asansol,HP,Asansol,West Bengal,23.685,86.982
UB2194,RapidFuel Asansol,BharatPetro,Asansol,West Bengal,23.686,86.983
UB2195,Sunrise Pump,IndianOil,Asansol,West Bengal,23.687,86.984
UB2196,EastEnd Fuel,HP,Asansol,West Bengal,23.688,86.985
UB2197,Malda Petrol Hub,BharatPetro,Malda,West Bengal,25.0,88.15
UB2198,Sunrise Malda,IndianOil,Malda,West Bengal,25.001,88.151
UB2199,CityFuel Malda,HP,Malda,West Bengal,25.002,88.152
UB2200,GreenPump Malda,BharatPetro,Malda,West Bengal,25.003,88.153
UB2201,CentralFuel Malda,IndianOil,Malda,West Bengal,25.004,88.154
UB2202,Barrackpore Pump,HP,Barrackpore,West Bengal,22.75,88.37
UB2203,NorthBarrack Fuel,BharatPetro,Barrackpore,West Bengal,22.751,88.371
UB2204,Sunrise Barrack,IndianOil,Barrackpore,West Bengal,22.752,88.372
UB2205,MetroFuel Barrack,HP,Barrackpore,West Bengal,22.753,88.373
UB2206,EastFuel Barrack,BharatPetro,Barrackpore,West Bengal,22.754,88.374
UB2207,Kharagpur Fuel Hub,IndianOil,Kharagpur,West Bengal,22.346,87.231
UB2208,MetroPump Kharagpur,HP,Kharagpur,West Bengal,22.347,87.232
UB2209,Sunrise Kharagpur,BharatPetro,Kharagpur,West Bengal,22.348,87.233
UB2210,GreenFuel Kharagpur,IndianOil,Kharagpur,West Bengal,22.349,87.234
UB2211,CentralFuel Kharagpur,HP,Kharagpur,West Bengal,22.35,87.235
UB2212,Jalpaiguri Pump,BharatPetro,Jalpaiguri,West Bengal,26.525,88.73
UB2213,Sunrise Jalpaiguri,IndianOil,Jalpaiguri,West Bengal,26.526,88.731
UB2214,CityFuel Jalpaiguri,HP,Jalpaiguri,West Bengal,26.527,88.732
UB2215,MetroPump Jalpaiguri,BharatPetro,Jalpaiguri,West Bengal,26.528,88.733
UB2216,EastFuel Jalpaiguri,IndianOil,Jalpaiguri,West Bengal,26.529,88.734
UB2217,Kalyani Fuel Hub,HP,Kalyani,West Bengal,22.975,88.434
UB2218,Sunrise Kalyani,BharatPetro,Kalyani,West Bengal,22.976,88.435
UB2219,CentralFuel Kalyani,IndianOil,Kalyani,West Bengal,22.977,88.436
UB2220,EastFuel Kalyani,HP,Kalyani,West Bengal,22.978,88.437
UB2221,GreenPump Kalyani,BharatPetro,Kalyani,West Bengal,22.979,88.438
UB2222,Haldia Fuel Hub,IndianOil,Haldia,West Bengal,22.025,88.058
UB2223,Sunrise Haldia,HP,Haldia,West Bengal,22.026,88.059
UB2224,CentralFuel Haldia,BharatPetro,Haldia,West Bengal,22.027,88.06
UB2225,MetroFuel Haldia,IndianOil,Haldia,West Bengal,22.028,88.061
UB2226,EastFuel Haldia,HP,Haldia,West Bengal,22.029,88.062
UB2227,Purulia Fuel Hub,BharatPetro,Purulia,West Bengal,23.332,86.365
UB2228,Sunrise Purulia,IndianOil,Purulia,West Bengal,23.333,86.366
UB2229,CentralFuel Purulia,HP,Purulia,West Bengal,23.334,86.367
UB2230,MetroFuel Purulia,BharatPetro,Purulia,West Bengal,23.335,86.368
UB2231,EastFuel Purulia,IndianOil,Purulia,West Bengal,23.336,86.369
